time/iterations,time/total_timesteps,time/fps,rollout/episodes,time/time_elapsed,train/n_updates,train/value_loss,train/policy_gradient_loss,train/clip_fraction,train/learning_rate,train/loss,train/explained_variance,train/entropy_loss,train/clip_range,train/approx_kl,rollout/ep_rew_mean,rollout/fill_mean,rollout/ep_len_mean,rollout/success_rate,rollout/win_rate_true_start,rollout/fill_mean_true_start,eval/success_rate,eval/mean_ep_length,eval/mean_reward
1,131072,102535,0,1,,,,,,,,,,,,,,,,,,,
2,262144,68024,0,3,4,0.08296063099987805,-0.0038041981806600234,0.002994537353515625,0.00029873297066666663,0.015164989978075027,-0.16722393035888672,-1.636842980980873,0.19934464000000002,0.0030631875,,,,,,,,,
3,393216,63659,0,6,8,0.11941625305917114,-0.011492914862174075,0.06412315368652344,0.00029746594133333334,0.02028203383088112,0.051043033599853516,-1.5473285000771284,0.19868928000000002,0.009693122,,,,,,,,,
4,524288,61875,2,8,12,0.2006061978172511,-0.019079862024227623,0.16900062561035156,0.000296198912,0.05677125230431557,0.03507685661315918,-1.454897940158844,0.19803392,0.011576953,8.757991790771484,0.13580246913580246,243.0,0.0,0.0,0.13580246913580246,,,
5,655360,61013,11,10,16,0.28176878625527024,-0.02047324889645097,0.20153236389160156,0.00029493188266666666,0.09659667313098907,0.043281495571136475,-1.3551501519978046,0.19737856,0.012969516,10.102834701538086,0.15600448933782265,282.7692307692308,0.0,0.0,0.15600448933782265,,,
6,786432,59192,57,13,20,0.3901050006970763,-0.019937203913286794,0.2085590362548828,0.0002936648533333333,0.14234773814678192,0.10425138473510742,-1.2466776687651873,0.19672320000000001,0.015135946,11.958857536315918,0.18171973142733375,342.1142857142857,0.0,0.0,0.18171973142733375,,,
7,917504,58840,159,15,24,0.5136989480815828,-0.017456854506235686,0.1952075958251953,0.00029239782399999997,0.2032773345708847,0.18337750434875488,-1.1331375781446695,0.19606784000000002,0.017025433,18.040342330932617,0.24186660455004272,430.64,0.0,0.0,0.24186660455004272,,,
8,1048576,58147,346,18,28,0.691778720356524,-0.014694414812765899,0.16326904296875,0.00029113079466666663,0.27861112356185913,0.2881001830101013,-1.0137120122089982,0.19541248,0.018297412,25.461109161376953,0.3168486405480625,499.91,0.0,0.0,0.3168486405480625,,,
9,1179648,57834,566,20,32,0.9314004881307483,-0.008094729089862085,0.10799026489257812,0.0002898637653333333,0.39255061745643616,0.4543447494506836,-0.9140402767807245,0.19475712,0.01332657,32.420448303222656,0.40138725297735894,530.6,0.0,0.0,0.40138725297735894,,,
,1310720,,,,36,1.2163622118532658,-0.006519325186673086,0.09606552124023438,0.000288596736,0.5391252040863037,0.5865281820297241,-0.8087136158719659,0.19410176,0.012881191,,,,,,,0.0,184.59,42.94646072387695
10,1310720,54367,675,24,,,,,,,,,,,36.75387954711914,0.4757018747142203,507.18,0.0,0.0,0.4757018747142203,,,
11,1441792,54389,565,26,40,1.3840580265969038,-0.004839459343202179,0.07118034362792969,0.00028732970666666666,0.6120833158493042,0.6873291730880737,-0.743381230160594,0.19344640000000002,0.0077901697,37.87791442871094,0.4958374303507047,403.15,0.0,0.0,0.4958374303507047,,,
12,1572864,54449,554,28,44,1.4294643569737673,-0.0026910822780337185,0.07956314086914062,0.0002860626773333333,0.6192792057991028,0.7198143005371094,-0.6950272815302014,0.19279104,0.0066539776,36.83427429199219,0.47267905691491735,236.78,0.0,0.0,0.47267905691491735,,,
13,1703936,54451,652,31,48,1.5868885312229395,-0.002393547161773313,0.0483245849609375,0.00028479564799999997,0.7076646685600281,0.7503024339675903,-0.6425842363387346,0.19213568000000003,0.004273571,38.461307525634766,0.48935847913353026,219.75,0.0,0.0,0.48935847913353026,,,
14,1835008,54519,712,33,52,1.8059426955878735,-0.003400684634470963,0.03699302673339844,0.00028352861866666663,0.8486393094062805,0.7769910097122192,-0.5979755846783519,0.19148032,0.004928329,38.447689056396484,0.513906228325704,203.36,0.0,0.0,0.513906228325704,,,
15,1966080,54472,616,36,56,1.7990293856710196,-0.0019263814483565511,0.05394744873046875,0.0002822615893333333,0.8667089343070984,0.8293834328651428,-0.573549672961235,0.19082496000000002,0.009507482,39.71211242675781,0.5211439794773128,198.94,0.0,0.0,0.5211439794773128,,,
16,2097152,54464,665,38,60,1.7838899046182632,-0.0009858349421847379,0.06151008605957031,0.00028099455999999994,0.8703751564025879,0.8384953141212463,-0.543129968456924,0.1901696,0.0060518994,39.95750427246094,0.5146755778334726,203.55,0.0,0.0,0.5146755778334726,,,
17,2228224,54408,727,40,64,1.8988334126770496,-0.0002858545813069213,0.07118606567382812,0.00027972753066666666,0.9350017309188843,0.8589842319488525,-0.5096833421848714,0.18951424000000003,0.00525707,38.92097091674805,0.5182468116901864,190.08,0.0,0.0,0.5182468116901864,,,
18,2359296,54048,658,43,68,2.0001169070601463,-0.001328690677837585,0.051029205322265625,0.0002784605013333333,0.9608427286148071,0.8801774978637695,-0.4923459505662322,0.18885888,0.0063728793,40.20522689819336,0.5283500318961312,195.83,0.0,0.0,0.5283500318961312,,,
19,2490368,54001,699,46,72,1.8637035619467497,-0.0011350825043336954,0.06224822998046875,0.00027719347199999997,0.9103783965110779,0.8924248814582825,-0.4751486792229116,0.18820352,0.0062171435,40.99680709838867,0.5198608241049824,194.25,0.0,0.0,0.5198608241049824,,,
,2621440,,,,76,2.163846265524626,-0.001219649497215869,0.051006317138671875,0.0002759264426666667,1.0421700477600098,0.888556957244873,-0.46003775438293815,0.18754816000000002,0.0066565773,,,,,,,0.0,177.43,42.173622131347656
20,2621440,52422,714,50,,,,,,,,,,,41.06736755371094,0.5291351108344573,193.69,0.0,0.0,0.5291351108344573,,,
21,2752512,52439,710,52,80,2.1295919604599476,0.0014677682047476992,0.07944869995117188,0.00027465941333333334,1.1518830060958862,0.9021024107933044,-0.4467414650134742,0.18689280000000003,0.014087584,38.55326843261719,0.5243609806990088,177.78,0.0,0.0,0.5243609806990088,,,
22,2883584,52399,677,55,84,2.2197715304791927,-0.00011763405564124696,0.07473945617675781,0.000273392384,1.0411152839660645,0.8999529480934143,-0.44208375457674265,0.18623744,0.013599612,40.92911911010742,0.5260681656545763,191.94,0.0,0.0,0.5260681656545763,,,
23,3014656,52547,728,57,88,1.930905967950821,-0.00046058421139605343,0.07130050659179688,0.00027212535466666666,0.9863290786743164,0.9212116003036499,-0.4291058722883463,0.18558208,0.0067918394,40.8421516418457,0.5291344458011124,188.9,0.0,0.0,0.5291344458011124,,,
24,3145728,52586,740,59,92,1.9570679813623428,-7.110712067515124e-05,0.07699394226074219,0.0002708583253333333,0.9567586183547974,0.9260386228561401,-0.4179258681833744,0.18492672000000002,0.0075098574,38.32810974121094,0.5288121454788121,172.94,0.0,0.0,0.5288121454788121,,,
25,3276800,52603,688,62,96,1.9776646010577679,-0.0012474020768422633,0.06352043151855469,0.00026959129599999997,0.9433736801147461,0.9243763089179993,-0.40806299541145563,0.18427136,0.0051328847,40.88502502441406,0.5316178581682458,186.03,0.0,0.0,0.5316178581682458,,,
26,3407872,52526,762,64,100,1.7125260662287474,0.0007399294445349369,0.09795188903808594,0.00026832426666666663,0.8705165386199951,0.9355799555778503,-0.39507566252723336,0.183616,0.007874037,39.77511978149414,0.5228443666763877,175.93,0.0,0.0,0.5228443666763877,,,
27,3538944,52569,698,67,104,1.9822105076164007,0.0001960536428669002,0.07448768615722656,0.00026705723733333334,0.9389602541923523,0.9290040731430054,-0.3905960717238486,0.18296064,0.007894335,41.82585525512695,0.5221974601153206,185.2,0.0,0.0,0.5221974601153206,,,
28,3670016,52511,741,69,108,1.9010225012898445,-0.0006334218142001191,0.06627082824707031,0.000265790208,0.8890489935874939,0.9327049255371094,-0.3810114711523056,0.18230528000000001,0.004446338,39.147857666015625,0.5286982889322072,173.19,0.0,0.0,0.5286982889322072,,,
29,3801088,52450,673,72,112,1.96310506016016,-0.0011900081408384722,0.06684684753417969,0.00026452317866666665,0.9910923838615417,0.9282910823822021,-0.37442820286378264,0.18164992000000002,0.0055528544,40.987586975097656,0.5289747399702823,183.46,0.0,0.0,0.5289747399702823,,,
,3932160,,,,116,1.7647238206118345,-0.0005207538615650265,0.07027053833007812,0.0002632561493333333,0.8205587863922119,0.9376985430717468,-0.36673633800819516,0.18099456,0.0053302813,,,,,,,0.0,172.56,41.26848602294922
30,3932160,51573,750,76,,,,,,,,,,,40.908329010009766,0.540559670781893,182.72,0.0,0.0,0.540559670781893,,,
31,4063232,51611,703,78,120,1.795108437538147,0.0017912208732013823,0.09327125549316406,0.00026198911999999997,0.8641523122787476,0.9381072521209717,-0.3610170199535787,0.1803392,0.009414658,41.568138122558594,0.5336213406388844,182.92,0.0,0.0,0.5336213406388844,,,
32,4194304,51667,727,81,124,1.7375529538840055,0.0006827746456110617,0.08769607543945312,0.0002607220906666666,0.9067801833152771,0.9396915435791016,-0.35191033873707056,0.17968384,0.009573825,39.667179107666016,0.5364511691884457,173.87,0.0,0.0,0.5364511691884457,,,
33,4325376,51679,713,83,128,1.8250174541026354,0.0020509807618509512,0.09368515014648438,0.0002594550613333333,0.9491406083106995,0.9364668130874634,-0.3479352346621454,0.17902848,0.013580177,42.88211441040039,0.5401277855695807,188.94,0.0,0.0,0.5401277855695807,,,
34,4456448,51727,727,86,132,1.6645056679844856,-0.0006304748876573285,0.07713890075683594,0.000258188032,0.7631294131278992,0.9417785406112671,-0.34338655415922403,0.17837312000000002,0.005961996,41.02793502807617,0.5364511691884457,183.12,0.0,0.0,0.5364511691884457,,,
35,4587520,51787,716,88,136,1.893504161387682,0.0008814906941552181,0.08237457275390625,0.00025692100266666665,0.9683040976524353,0.9332931041717529,-0.3368405089713633,0.17771776,0.0067128455,41.39008331298828,0.5368301262156011,180.97,0.0,0.0,0.5368301262156011,,,
36,4718592,51725,745,91,140,1.7165775429457426,-1.8341693248657975e-05,0.06670570373535156,0.0002556539733333333,0.8000257611274719,0.9409538507461548,-0.3326042820699513,0.1770624,0.007828996,41.2997932434082,0.5390836026182783,181.26,0.0,0.0,0.5390836026182783,,,
37,4849664,51651,713,93,144,1.9168741144239902,-0.0008668392310937634,0.036518096923828125,0.00025438694399999997,0.9461802244186401,0.9358006715774536,-0.32981140492483974,0.17640704000000001,0.002362513,42.544921875,0.5391927692067945,186.13,0.0,0.0,0.5391927692067945,,,
38,4980736,51580,750,96,148,1.7589966300874949,-0.0017792561466194456,0.024074554443359375,0.0002531199146666667,0.8177844882011414,0.9402435421943665,-0.32913369545713067,0.17575168000000002,0.0023124525,40.17851638793945,0.5374814814814816,172.53,0.0,0.0,0.5374814814814816,,,
39,5111808,51599,723,99,152,1.9002011138945818,-0.0013056215921096737,0.028072357177734375,0.00025185288533333334,0.9588452577590942,0.9360291957855225,-0.3256652378477156,0.17509632,0.0021406515,41.6706657409668,0.536328398476854,180.39,0.0,0.0,0.536328398476854,,,
,5242880,,,,156,1.8493814524263144,-0.0012932375502714422,0.031118392944335938,0.000250585856,0.9086908102035522,0.9386345148086548,-0.32536359736695886,0.17444096,0.0026892088,,,,,,,0.0,179.36,42.921688079833984
40,5242880,51082,727,102,,,,,,,,,,,41.153350830078125,0.544279722179768,177.7,0.0,0.0,0.544279722179768,,,
41,5373952,51161,729,105,160,1.7622279562056065,-0.0013599997328128666,0.032283782958984375,0.00024931882666666665,0.8987779021263123,0.9406879544258118,-0.3211302040144801,0.1737856,0.0027974767,41.21364212036133,0.5337770326339142,177.41,0.0,0.0,0.5337770326339142,,,
42,5505024,51184,734,107,164,1.8887495063245296,-0.0014042580678506056,0.036731719970703125,0.0002480517973333333,0.874937891960144,0.9374250173568726,-0.3208624259568751,0.17313024000000002,0.0029083928,42.10869216918945,0.542352070508292,182.36,0.0,0.0,0.542352070508292,,,
43,5636096,51239,737,109,168,1.8249884992837906,-0.0015539259075012524,0.033596038818359375,0.00024678476799999997,0.840819239616394,0.9403315186500549,-0.3188349362462759,0.17247488,0.0028652854,41.31119155883789,0.5411494714977302,179.86,0.0,0.0,0.5411494714977302,,,
44,5767168,51325,712,112,172,1.7605933174490929,-0.000977496925770538,0.03704261779785156,0.0002455177386666666,0.8550512790679932,0.9412418603897095,-0.31633817963302135,0.17181952,0.0027475138,41.314064025878906,0.5330316271327507,176.99,0.0,0.0,0.5330316271327507,,,
45,5898240,51365,722,114,176,1.8171603735536337,-0.0012101533338864101,0.04280281066894531,0.00024425070933333334,0.9424498677253723,0.9382246732711792,-0.31395359709858894,0.17116416,0.0046342993,42.27826690673828,0.5401662049861495,182.79,0.0,0.0,0.5401662049861495,,,
46,6029312,51403,738,117,180,1.788422929123044,-0.001186035382488626,0.04015541076660156,0.00024298368,0.8369245529174805,0.9407129287719727,-0.3083611992187798,0.17050880000000002,0.0030662282,41.910194396972656,0.5371206798487738,180.86,0.0,0.0,0.5371206798487738,,,
47,6160384,51469,727,119,184,1.910584218800068,-0.0008922657834773418,0.04588127136230469,0.00024171665066666665,0.9284840226173401,0.9378255009651184,-0.30754398461431265,0.16985344,0.0039262725,41.140010833740234,0.5410701852700937,181.04,0.0,0.0,0.5410701852700937,,,
48,6291456,51490,719,122,188,1.8039374221116304,-0.0009051629313034937,0.04374504089355469,0.00024044962133333334,0.926142156124115,0.939578652381897,-0.30795240215957165,0.16919808,0.0031181439,41.89711380004883,0.5433472415391747,183.94,0.0,0.0,0.5433472415391747,,,
49,6422528,51530,740,124,192,1.7636828441172838,-0.0010459333443577634,0.04232597351074219,0.000239182592,0.8549940586090088,0.9404456615447998,-0.3043285864405334,0.16854272,0.0033912132,42.89540481567383,0.5397731064397732,185.65,0.0,0.0,0.5397731064397732,,,
,6553600,,,,196,1.8095367662608624,-0.0008764889144003973,0.05125617980957031,0.00023791556266666665,0.8277209997177124,0.940753698348999,-0.30392853263765574,0.16788736,0.0031837022,,,,,,,0.0,172.11,41.05894088745117
50,6553600,51090,749,128,,,,,,,,,,,41.84036636352539,0.538330943315367,180.69,0.0,0.0,0.538330943315367,,,
51,6684672,51104,724,130,200,1.828349219635129,0.0005167404942767462,0.06048583984375,0.0002366485333333333,0.9414438009262085,0.9385714530944824,-0.3038032054901123,0.167232,0.010413542,39.08534240722656,0.5296876065752678,165.7,0.0,0.0,0.5296876065752678,,,
52,6815744,51043,719,133,204,1.8212734702974558,0.0008630168103991309,0.09534835815429688,0.000235381504,0.8644590377807617,0.937143862247467,-0.29790599551051855,0.16657664,0.011544996,42.53662109375,0.5420251034530126,184.43,0.0,0.0,0.5420251034530126,,,
53,6946816,50988,760,136,208,1.8402702473104,0.002249432192002132,0.09254264831542969,0.00023411447466666665,0.8963636755943298,0.9371745586395264,-0.29468912724405527,0.16592128,0.010912541,41.82929992675781,0.5373944119558155,181.75,0.0,0.0,0.5373944119558155,,,
54,7077888,51094,723,138,212,1.8324397876858711,0.00023576024887006497,0.08241462707519531,0.0002328474453333333,0.8450248837471008,0.9384998679161072,-0.29094298649579287,0.16526592,0.006527102,41.55317306518555,0.5396069190444478,177.88,0.0,0.0,0.5396069190444478,,,
55,7208960,51148,737,140,216,1.8033828176558018,0.0006776984828320565,0.092010498046875,0.000231580416,0.8736733794212341,0.937784731388092,-0.289241218008101,0.16461056000000002,0.007386959,39.074424743652344,0.532606328626229,166.62,0.0,0.0,0.532606328626229,,,
56,7340032,51081,721,143,220,1.9237207286059856,0.00022467989219876472,0.07822990417480469,0.00023031338666666665,0.94730144739151,0.9334766864776611,-0.2863434269092977,0.16395520000000002,0.0068765306,41.24296951293945,0.5386551600143833,178.08,0.0,0.0,0.5386551600143833,,,
57,7471104,51099,735,146,224,1.8825554437935352,0.0009599555833119666,0.0754547119140625,0.0002290463573333333,0.8789934515953064,0.9363886713981628,-0.2841497319750488,0.16329984,0.008685711,42.08799362182617,0.5425715965398504,183.06,0.0,0.0,0.5425715965398504,,,
58,7602176,51094,761,148,228,1.919884119182825,0.0026526667170401197,0.09491729736328125,0.00022777932799999997,0.974564254283905,0.9339818954467773,-0.2825320274569094,0.16264447999999998,0.014744949,40.71659851074219,0.5413117892311935,174.45,0.0,0.0,0.5413117892311935,,,
59,7733248,51080,722,151,232,2.043350610882044,0.0003464030160102993,0.08049774169921875,0.00022651229866666665,1.021295428276062,0.931686520576477,-0.2814464312978089,0.16198912000000001,0.006129991,43.23446273803711,0.5397045244690674,186.59,0.0,0.0,0.5397045244690674,,,
,7864320,,,,236,1.9280427154153585,0.0014252133660193067,0.08825302124023438,0.0002252452693333333,0.9281228184700012,0.9347257018089294,-0.28570914547890425,0.16133376,0.010108063,,,,,,,0.0,179.71,42.58134460449219
60,7864320,50668,712,155,,,,,,,,,,,40.336036682128906,0.5367596060479956,175.01,0.0,0.0,0.5367596060479956,,,
61,7995392,50612,744,157,240,1.8642054349184036,0.00069919573070365,0.07859039306640625,0.00022397824000000002,0.9341863393783569,0.9358234405517578,-0.2788571654818952,0.1606784,0.0066735037,41.71226119995117,0.5450185848931368,178.79,0.0,0.0,0.5450185848931368,,,
62,8126464,50580,754,160,244,1.8552323039621115,0.0014679140203952556,0.08433151245117188,0.00022271121066666668,0.9846962094306946,0.9387065768241882,-0.27731010084971786,0.16002304,0.0052244933,41.334503173828125,0.5427841634738186,176.55,0.0,0.0,0.5427841634738186,,,
63,8257536,50585,710,163,248,1.8593732435256243,-0.0004011805558548076,0.07610893249511719,0.00022144418133333333,0.8906536102294922,0.9385908246040344,-0.278046983294189,0.15936768,0.004820891,43.06431579589844,0.5384802643018605,186.74,0.0,0.0,0.5384802643018605,,,
64,8388608,50593,741,165,252,1.8550017029047012,-0.0003912706579285441,0.07079315185546875,0.000220177152,0.88792484998703,0.935662031173706,-0.2779525532387197,0.15871232000000002,0.004849566,40.89756774902344,0.5327635327635327,173.48,0.0,0.0,0.5327635327635327,,,
65,8519680,50563,758,168,256,2.0871062017977238,2.185793982789619e-05,0.06956672668457031,0.00021891012266666665,1.083394169807434,0.9300184845924377,-0.27422745805233717,0.15805696,0.003914345,41.66200256347656,0.5367438678784325,179.05,0.0,0.0,0.5367438678784325,,,
66,8650752,50549,732,171,260,2.0444496795535088,-0.00025768512932700105,0.06513023376464844,0.0002176430933333333,0.9756906032562256,0.9342624545097351,-0.277395551558584,0.1574016,0.005268418,41.60288619995117,0.5377116643054712,178.17,0.0,0.0,0.5377116643054712,,,
67,8781824,50498,725,173,264,1.9162878934293985,-0.0006201650448929286,0.06955909729003906,0.00021637606399999996,1.0015627145767212,0.9350153207778931,-0.27624154882505536,0.15674624,0.0049720877,41.105628967285156,0.5367901234567901,175.42,0.0,0.0,0.5367901234567901,,,
68,8912896,50525,747,176,268,1.9311646409332752,0.0031048034334162367,0.09630775451660156,0.00021510903466666668,0.9269081950187683,0.9356400966644287,-0.2748418916016817,0.15609088000000002,0.012472687,41.77079772949219,0.5409622027203465,180.26,0.0,0.0,0.5409622027203465,,,
69,9043968,50531,727,178,272,1.8561049345880747,-1.3945059436082374e-05,0.07170295715332031,0.00021384200533333333,0.9058589935302734,0.9399171471595764,-0.273421639110893,0.15543552,0.005264319,42.178524017333984,0.5387606772292697,182.53,0.0,0.0,0.5387606772292697,,,
,9175040,,,,276,1.9442511033266783,0.0005323802561179036,0.07769393920898438,0.000212574976,1.0481842756271362,0.9359182715415955,-0.27013216307386756,0.15478016,0.0055366326,,,,,,,0.0,177.91,42.52313995361328
70,9175040,50237,727,182,,,,,,,,,,,41.82024002075195,0.5389644573505188,180.81,0.0,0.0,0.5389644573505188,,,
71,9306112,50308,745,184,280,1.8957184851169586,0.0006980263824516442,0.07752799987792969,0.00021130794666666665,0.889738142490387,0.9370169043540955,-0.27071321476250887,0.1541248,0.0068650446,43.033912658691406,0.5474355787554892,187.14,0.0,0.0,0.5474355787554892,,,
72,9437184,50356,732,187,284,1.8199610859155655,-0.0006587314455828164,0.05733299255371094,0.0002100409173333333,0.8383393287658691,0.9404297471046448,-0.26745756855234504,0.15346943999999998,0.0033216723,42.120643615722656,0.5408149497402686,180.41,0.0,0.0,0.5408149497402686,,,
73,9568256,50372,706,189,288,1.8697023317217827,-0.00042664278771553654,0.06702232360839844,0.000208773888,0.7995845675468445,0.937436044216156,-0.2691333773545921,0.15281408000000002,0.0039917743,43.2342529296875,0.538418494037002,186.8,0.0,0.0,0.538418494037002,,,
74,9699328,50368,763,192,292,1.8210765477269888,-0.0002421339677312062,0.063873291015625,0.00020750685866666665,0.9000269770622253,0.9391452074050903,-0.2662079557776451,0.15215872,0.003925633,42.38731384277344,0.5430642525443748,183.74,0.0,0.0,0.5430642525443748,,,
75,9830400,50378,709,195,296,1.890137815847993,-0.00043800347702926956,0.0682830810546875,0.00020623982933333333,0.8871775269508362,0.938761830329895,-0.26704917335882783,0.15150336,0.0036977024,42.52582550048828,0.5411203398979609,185.23,0.0,0.0,0.5411203398979609,,,
76,9961472,50338,767,197,300,1.8303989563137293,-0.00024019200645852834,0.06467819213867188,0.0002049728,0.8154139518737793,0.93972247838974,-0.2654044493101537,0.150848,0.0039168717,40.56702423095703,0.5399262800392743,174.02,0.0,0.0,0.5399262800392743,,,
77,10092544,50324,732,200,304,1.9416020475327969,-0.0006641538466283237,0.06545829772949219,0.00020370577066666665,0.9905696511268616,0.9347068071365356,-0.2677050079219043,0.15019264,0.004104483,41.2022819519043,0.537155096809013,178.77,0.0,0.0,0.537155096809013,,,
78,10223616,50336,719,203,308,1.8393763303756714,0.0009527643542242004,0.08168983459472656,0.0002024387413333333,0.9430010318756104,0.9388466477394104,-0.2665087981149554,0.14953728,0.0052409135,43.46261215209961,0.5381273716925086,188.44,0.0,0.0,0.5381273716925086,,,
79,10354688,50358,771,205,312,1.8422653265297413,-2.8441179892979562e-05,0.06579399108886719,0.00020117171199999996,0.8760960698127747,0.9385477304458618,-0.2680612155236304,0.14888192,0.0050277878,40.9061393737793,0.5397831900209765,174.91,0.0,0.0,0.5397831900209765,,,
,10485760,,,,316,1.8981108609586954,-0.0007022730314929504,0.05999755859375,0.00019990468266666667,0.918600857257843,0.9371935129165649,-0.26816842844709754,0.14822656,0.003080966,,,,,,,0.0,178.98,42.88206481933594
80,10485760,50084,731,209,,,,,,,,,,,40.03154373168945,0.5357957136342909,169.5,0.0,0.0,0.5357957136342909,,,
81,10616832,50108,733,211,320,1.9848919808864594,-0.0008678035210323287,0.03612327575683594,0.00019863765333333333,1.0155665874481201,0.9351723194122314,-0.2675679735839367,0.1475712,0.0019495146,42.01246643066406,0.5376181092415745,178.59,0.0,0.0,0.5376181092415745,,,
82,10747904,50141,757,214,324,1.9100148994475603,0.00030114139372017235,0.06485748291015625,0.000197370624,0.8717607259750366,0.9377140998840332,-0.2659551752731204,0.14691584000000002,0.004628784,40.86524963378906,0.5353653962196454,175.8,0.0,0.0,0.5353653962196454,,,
83,10878976,50181,726,216,328,1.9172710627317429,-0.0002212930749010411,0.06817436218261719,0.00019610359466666665,0.8998321890830994,0.9376473426818848,-0.26652134116739035,0.14626048,0.0038086153,40.349300384521484,0.5418154610073802,171.75,0.0,0.0,0.5418154610073802,,,
84,11010048,50196,732,219,332,1.807345086708665,-0.0004402690774440998,0.06280136108398438,0.0001948365653333333,0.8305552005767822,0.9400622248649597,-0.2649569162167609,0.14560512,0.0034080544,41.5446662902832,0.5402583822438103,176.38,0.0,0.0,0.5402583822438103,,,
85,11141120,50217,728,221,336,1.7782229650765657,-0.0003569943582988344,0.06946945190429688,0.00019356953599999996,0.7645251750946045,0.940658688545227,-0.2663374477997422,0.14494975999999998,0.0039462624,42.45835494995117,0.5444478361145028,182.7,0.0,0.0,0.5444478361145028,,,
86,11272192,50256,722,224,340,1.7322239223867655,-0.00047169270601443714,0.055622100830078125,0.00019230250666666662,0.8117805123329163,0.9416232109069824,-0.2655573026277125,0.1442944,0.0032605068,42.538692474365234,0.5406278855032318,182.36,0.0,0.0,0.5406278855032318,,,
87,11403264,50286,777,226,344,1.8270405884832144,-0.00027670444251270965,0.0641326904296875,0.00019103547733333333,0.9455485343933105,0.9387708306312561,-0.2645159997045994,0.14363904,0.0031425369,41.673805236816406,0.5436865436865437,177.24,0.0,0.0,0.5436865436865437,,,
88,11534336,50321,702,229,348,1.9067813232541084,2.2476615413324907e-06,0.06705856323242188,0.000189768448,0.9399052858352661,0.9367629885673523,-0.26508726505562663,0.14298368,0.003759708,41.654300689697266,0.5422602089268755,176.75,0.0,0.0,0.5422602089268755,,,
89,11665408,50383,735,231,352,1.811730034649372,-0.00036061850187252276,0.05836296081542969,0.00018850141866666667,0.897053599357605,0.9387608766555786,-0.2662484413012862,0.14232832,0.0031407974,42.39896011352539,0.540623162845385,182.09,0.0,0.0,0.540623162845385,,,
,11796480,,,,356,1.8263693321496248,0.0003570472308638273,0.07166099548339844,0.00018723438933333333,0.8617398142814636,0.9394352436065674,-0.2654963540844619,0.14167296000000001,0.0045141834,,,,,,,0.0,179.33,43.06172180175781
90,11796480,50106,731,235,,,,,,,,,,,41.71284103393555,0.5512827008495043,178.21,0.0,0.0,0.5512827008495043,,,
91,11927552,50133,730,237,360,1.791580606251955,-0.0004847911759497947,0.05713462829589844,0.00018596736,0.8220740556716919,0.9410158395767212,-0.2665382856503129,0.1410176,0.0029899585,43.06669998168945,0.5490952139353966,184.35,0.0,0.0,0.5490952139353966,,,
92,12058624,50153,746,240,364,1.7470119670033455,-0.0002383220398769481,0.05270957946777344,0.00018470033066666665,0.8411670327186584,0.9431477189064026,-0.2649747524410486,0.14036224,0.002942033,42.8483772277832,0.544219375765399,182.67,0.0,0.0,0.544219375765399,,,
93,12189696,50178,727,242,368,1.8860682416707277,0.0001567208428241429,0.06709861755371094,0.0001834333013333333,0.916043221950531,0.9388303756713867,-0.26356344344094396,0.13970687999999998,0.0036168918,41.911808013916016,0.543345729957376,179.24,0.0,0.0,0.543345729957376,,,
94,12320768,50172,766,245,372,1.8380601089447737,-0.00019391087153053377,0.06531333923339844,0.000182166272,0.9215062856674194,0.9408925175666809,-0.2672204151749611,0.13905152,0.0027643736,42.042335510253906,0.5424362569706347,178.72,0.0,0.0,0.5424362569706347,,,
95,12451840,50172,719,248,376,1.9552070684731007,-0.00026415445245220326,0.06914710998535156,0.00018089924266666665,0.8977027535438538,0.9360284805297852,-0.2671575415879488,0.13839616,0.003980363,41.224666595458984,0.5390374147907759,176.38,0.0,0.0,0.5390374147907759,,,
96,12582912,50187,730,250,380,1.809987623244524,7.092725900292862e-05,0.06485748291015625,0.00017963221333333336,0.8867647647857666,0.9410481452941895,-0.26571975369006395,0.1377408,0.0048144804,40.51811981201172,0.5433113478775579,172.93,0.0,0.0,0.5433113478775579,,,
97,12713984,50208,740,253,384,1.752109730616212,0.0002693929145607399,0.06505012512207031,0.00017836518400000001,0.892967164516449,0.9431836009025574,-0.2644626069813967,0.13708544,0.0032131635,42.120521545410156,0.5452452452452452,180.53,0.0,0.0,0.5452452452452452,,,
98,12845056,50239,724,255,388,1.7542432192713022,-0.0009305575331381988,0.05405235290527344,0.00017709815466666667,0.8889515399932861,0.9434463977813721,-0.2634822567924857,0.13643008,0.0022301765,40.597984313964844,0.5431587204147056,173.06,0.0,0.0,0.5431587204147056,,,
99,12976128,50286,713,258,392,1.7750270161777735,-0.0008773965091677383,0.054111480712890625,0.00017583112533333333,0.9223096966743469,0.9425832033157349,-0.2638042774051428,0.13577472000000002,0.0026794039,41.14809036254883,0.5413225286998078,172.96,0.0,0.0,0.5413225286998078,,,
,13107200,,,,396,1.7626497633755207,0.0001316419366048649,0.070770263671875,0.000174564096,0.9011513590812683,0.9422135949134827,-0.2637235475704074,0.13511936,0.0035744715,,,,,,,0.0,178.03,42.263023376464844
100,13107200,50092,751,261,,,,,,,,,,,42.718868255615234,0.5444592395324752,182.19,0.0,0.0,0.5444592395324752,,,
101,13238272,50112,764,264,400,1.85123354755342,-0.0003765867741094553,0.05837440490722656,0.00017329706666666667,0.8919892311096191,0.9403016567230225,-0.26098518865182996,0.134464,0.0032008116,40.946712493896484,0.5385075302178269,174.34,0.0,0.0,0.5385075302178269,,,
102,13369344,50132,669,266,404,1.9365871455520391,-0.00044482961493486073,0.06429100036621094,0.00017203003733333336,0.9176992177963257,0.9377481937408447,-0.2643157267011702,0.13380864,0.0030407251,41.57432174682617,0.5445754673457713,176.73,0.0,0.0,0.5445754673457713,,,
103,13500416,50156,766,269,408,1.7640746925026178,-0.00035627588295028545,0.06050682067871094,0.000170763008,0.9073160886764526,0.9396303296089172,-0.26275726268067956,0.13315328,0.002815985,41.494998931884766,0.5441446668600716,176.05,0.0,0.0,0.5441446668600716,,,
104,13631488,50193,757,271,412,1.9162736777216196,4.335433095548069e-05,0.07057571411132812,0.00016949597866666667,0.9664484858512878,0.937440812587738,-0.26212285831570625,0.13249792,0.0041328683,42.83515548706055,0.5497659702855652,185.9,0.0,0.0,0.5497659702855652,,,
105,13762560,50218,690,274,416,1.7058791629970074,-0.00010681355888664257,0.06324195861816406,0.00016822894933333333,0.9319632053375244,0.9438679218292236,-0.26467072451487184,0.13184256,0.0026654364,41.90382766723633,0.5382894972266953,177.22,0.0,0.0,0.5382894972266953,,,
106,13893632,50231,754,276,420,1.810606725513935,-0.0003620138704718556,0.05306243896484375,0.00016696191999999999,0.8883161544799805,0.937776505947113,-0.26255595497787,0.1311872,0.002619098,42.57020950317383,0.5400661492615515,180.84,0.0,0.0,0.5400661492615515,,,
107,14024704,50269,754,278,424,1.9204505067318678,-0.0005066494759375928,0.06208038330078125,0.00016569489066666664,0.9742990136146545,0.9375482201576233,-0.2602629968896508,0.13053183999999998,0.0026785228,42.312171936035156,0.5479909617840653,178.87,0.0,0.0,0.5479909617840653,,,
108,14155776,50300,717,281,428,1.8327392246574163,-0.0005357828049454838,0.053890228271484375,0.00016442786133333333,0.8205420970916748,0.9399654865264893,-0.261701125651598,0.12987648000000002,0.002557815,42.3798828125,0.5375277648638875,181.17,0.0,0.0,0.5375277648638875,,,
109,14286848,50318,714,283,432,1.9166489876806736,-0.0007632214710611152,0.057712554931640625,0.000163160832,0.9850994348526001,0.9357247948646545,-0.2649412755854428,0.12922112000000002,0.0026217243,40.74702453613281,0.5401321022236054,174.02,0.0,0.0,0.5401321022236054,,,
,14417920,,,,436,1.8023330718278885,-0.0005501106406882172,0.05524444580078125,0.00016189380266666667,0.8701131939888,0.9402751922607422,-0.2621486601419747,0.12856576,0.00299031,,,,,,,0.0,179.35,42.781707763671875
110,14417920,50153,763,287,,,,,,,,,,,42.23861312866211,0.5428539067682799,182.44,0.0,0.0,0.5428539067682799,,,
111,14548992,50196,705,289,440,1.9520062133669853,-0.0008975698456197279,0.05113792419433594,0.00016062677333333333,0.9026767015457153,0.9368833899497986,-0.26008840766735375,0.1279104,0.002596079,41.215293884277344,0.5439978986078277,175.76,0.0,0.0,0.5439978986078277,,,
112,14680064,50221,780,292,444,1.8350810930132866,-0.0004842936732529779,0.05229949951171875,0.00015935974399999999,0.9059944152832031,0.9397217035293579,-0.2619958855211735,0.12725503999999999,0.0023043286,41.676029205322266,0.5417537195314973,175.02,0.0,0.0,0.5417537195314973,,,
113,14811136,50246,718,294,448,2.020538903772831,-0.0006449706652347231,0.05334281921386719,0.00015809271466666664,0.9442346692085266,0.9354442954063416,-0.26062575820833445,0.12659968,0.0024825637,42.14979934692383,0.5434849891674405,181.25,0.0,0.0,0.5434849891674405,,,
114,14942208,50290,686,297,452,1.7505955249071121,-0.0008133631945383968,0.0467987060546875,0.00015682568533333335,0.8686853647232056,0.9433056712150574,-0.2645318368449807,0.12594432,0.0021780916,41.39543533325195,0.542723967894036,175.62,0.0,0.0,0.542723967894036,,,
115,15073280,50337,768,299,456,1.8253357000648975,-1.4494601600745227e-05,0.05215644836425781,0.000155558656,0.8848085999488831,0.9389243125915527,-0.25873443577438593,0.12528896,0.0019668788,41.891963958740234,0.5489969135802469,179.09,0.0,0.0,0.5489969135802469,,,
116,15204352,50366,755,301,460,1.8430697601288557,-0.0007494206111005042,0.04689216613769531,0.00015429162666666667,0.8683742880821228,0.9424980878829956,-0.26103269774466753,0.1246336,0.0016613004,40.549407958984375,0.5501267271686697,171.64,0.0,0.0,0.5501267271686697,,,
117,15335424,50394,699,304,464,1.857411378994584,-0.00046930475036788266,0.058624267578125,0.00015302459733333335,0.8606152534484863,0.9401181936264038,-0.26395958568900824,0.12397824,0.0022169568,42.658164978027344,0.542256133100196,182.89,0.0,0.0,0.542256133100196,,,
118,15466496,50399,736,306,468,1.8486780021339655,-0.0006721830741298618,0.05580711364746094,0.000151757568,0.880662202835083,0.9375932216644287,-0.2626300142146647,0.12332288,0.0020433657,43.26593780517578,0.5454743692968331,185.12,0.0,0.0,0.5454743692968331,,,
119,15597568,50428,748,309,472,1.7819146271795034,-0.0003661510654637823,0.0624542236328125,0.00015049053866666667,0.9200320243835449,0.9415806531906128,-0.2626308253966272,0.12266752,0.0025322307,42.66111373901367,0.5447448339605202,179.94,0.0,0.0,0.5447448339605202,,,
,15728640,,,,476,1.8333689216524363,-0.0004699797082139412,0.06136512756347656,0.00014922350933333333,0.8706589937210083,0.9412083029747009,-0.26329380413517356,0.12201216,0.0026542428,,,,,,,0.0,178.11,42.37294006347656
120,15728640,50257,722,312,,,,,,,,,,,40.77573776245117,0.5445607195376355,175.31,0.0,0.0,0.5445607195376355,,,
121,15859712,50257,718,315,480,1.8305999506264925,-0.0005854762184753781,0.05796051025390625,0.00014795648,0.8778077960014343,0.9399972558021545,-0.26532583869993687,0.1213568,0.002162974,41.285888671875,0.5429863475360226,175.16,0.0,0.0,0.5429863475360226,,,
122,15990784,50265,758,318,484,1.8429193776100874,-0.0007534469059464755,0.05072975158691406,0.00014668945066666667,0.9211782813072205,0.9404982924461365,-0.2608179412782192,0.12070144,0.0019667635,40.361026763916016,0.5448874556174469,170.02,0.0,0.0,0.5448874556174469,,,
123,16121856,50275,761,320,488,1.835335960611701,-0.0006731190042046364,0.05927467346191406,0.00014542242133333333,0.9104676246643066,0.9415498971939087,-0.2617923249490559,0.12004608,0.00223291,41.61626052856445,0.5417984782855567,174.79,0.0,0.0,0.5417984782855567,,,
124,16252928,50306,706,323,492,1.9815847501158714,-0.000501221931699547,0.06313896179199219,0.000144155392,0.9818044304847717,0.9365178942680359,-0.2662875493988395,0.11939072,0.0022309637,41.473731994628906,0.5380687580876438,177.32,0.0,0.0,0.5380687580876438,,,
125,16384000,50324,741,325,496,1.8064787909388542,-0.00048352221892855596,0.06005287170410156,0.00014288836266666667,0.9055883288383484,0.9410337805747986,-0.2667290694080293,0.11873536,0.0024590795,42.2215690612793,0.5477582846003898,179.48,0.0,0.0,0.5477582846003898,,,
126,16515072,50327,731,328,500,1.7576397079974413,-0.00027437336211733054,0.05736351013183594,0.00014162133333333333,0.8813897371292114,0.9433180689811707,-0.26426480151712894,0.11807999999999999,0.0021787253,42.965736389160156,0.5511475908192734,185.32,0.0,0.0,0.5511475908192734,,,
127,16646144,50339,712,330,504,1.7170880269259214,-0.00010098486745846458,0.060886383056640625,0.000140354304,0.8477415442466736,0.9456894993782043,-0.26495899586007,0.11742464000000001,0.0028136417,41.33319854736328,0.5448571230406436,177.85,0.0,0.0,0.5448571230406436,,,
128,16777216,50353,735,333,508,1.71994405426085,-0.0004893638142675627,0.05621910095214844,0.00013908727466666667,0.8716773390769958,0.9442856311798096,-0.2649936084635556,0.11676928,0.0022873278,42.76750564575195,0.544872763920383,183.55,0.0,0.0,0.544872763920383,,,
129,16908288,50371,737,335,512,1.885530250146985,-0.00037415979750221595,0.05433464050292969,0.00013782024533333332,0.8757174611091614,0.9392502903938293,-0.26331917103379965,0.11611392,0.0018793669,41.285057067871094,0.5490895689900664,175.99,0.0,0.0,0.5490895689900664,,,
,17039360,,,,516,1.7789564859122038,-0.000573603520024335,0.056827545166015625,0.00013655321599999998,0.7841315269470215,0.9422780275344849,-0.2656856095418334,0.11545855999999999,0.002126532,,,,,,,0.0,171.57,41.149478912353516
130,17039360,50227,750,339,,,,,,,,,,,42.569862365722656,0.5436378600823045,181.19,0.0,0.0,0.5436378600823045,,,
131,17170432,50246,716,341,520,1.9440178163349628,-0.0008039535769057693,0.05289649963378906,0.00013528618666666667,0.9207789301872253,0.9371751546859741,-0.2636770526878536,0.11480320000000001,0.0018565592,41.01701736450195,0.5403476101800124,174.03,0.0,0.0,0.5403476101800124,,,
132,17301504,50260,721,344,524,1.9047864358872175,-0.0005787403606518637,0.05959320068359375,0.00013401915733333332,0.8988707065582275,0.9379551410675049,-0.2659302493557334,0.11414784,0.0022329625,43.95112609863281,0.5435865824215339,189.93,0.0,0.0,0.5435865824215339,,,
133,17432576,50274,748,346,528,1.8160609528422356,-0.0005237549266894348,0.0500946044921875,0.00013275212799999998,0.9357751607894897,0.9419810175895691,-0.26403959933668375,0.11349247999999999,0.0017331418,42.290977478027344,0.5482438766752492,180.08,0.0,0.0,0.5482438766752492,,,
134,17563648,50294,717,349,532,1.802408231422305,-0.000938594570470741,0.05575370788574219,0.0001314850986666667,0.8579257130622864,0.9421314597129822,-0.26559285540133715,0.11283712,0.0017639264,42.52059555053711,0.5451383508101314,180.46,0.0,0.0,0.5451383508101314,,,
135,17694720,50319,742,351,536,1.8224300686269999,-0.0005250096655800007,0.05101203918457031,0.00013021806933333335,0.8898550271987915,0.940649151802063,-0.26488082157447934,0.11218176,0.0018200658,41.37527847290039,0.5491165019466906,175.77,0.0,0.0,0.5491165019466906,,,
136,17825792,50341,714,354,540,1.8731226585805416,-0.0006953536058063037,0.05670166015625,0.00012895104,0.867303192615509,0.9391738176345825,-0.26462068455293775,0.1115264,0.0018416517,42.60826110839844,0.5472559394128022,182.79,0.0,0.0,0.5472559394128022,,,
137,17956864,50375,768,356,544,1.87342856451869,-0.0003314279447295121,0.04844474792480469,0.00012768401066666667,0.9496569633483887,0.9395938515663147,-0.2640795516781509,0.11087103999999999,0.0016382398,42.02204513549805,0.5439332561728395,179.01,0.0,0.0,0.5439332561728395,,,
138,18087936,50396,695,358,548,1.920141177251935,-0.000563750792935025,0.04816627502441406,0.00012641698133333335,0.853807270526886,0.9398865699768066,-0.2645471952855587,0.11021568,0.0015656225,41.65391159057617,0.5449507061017853,177.14,0.0,0.0,0.5449507061017853,,,
139,18219008,50409,728,361,552,1.7596752401441336,-0.0006642007629125146,0.04830741882324219,0.000125149952,0.8210003972053528,0.9414697289466858,-0.2637834078632295,0.10956032,0.0017864854,41.723453521728516,0.542989417989418,177.6,0.0,0.0,0.542989417989418,,,
,18350080,,,,556,1.9166320152580738,-0.0005252937062323326,0.05249595642089844,0.00012388292266666667,0.9437947273254395,0.9380906224250793,-0.26009788969531655,0.10890496,0.0016426935,,,,,,,0.0,180.6,43.3504524230957
140,18350080,50266,768,365,,,,,,,,,,,42.124359130859375,0.5459747942386831,176.69,0.0,0.0,0.5459747942386831,,,
141,18481152,50290,712,367,560,1.995628908276558,-0.0006635992622250342,0.04742240905761719,0.00012261589333333335,1.059387445449829,0.9376777410507202,-0.2653646687977016,0.1082496,0.0015130106,41.53303146362305,0.5453946455819114,178.02,0.0,0.0,0.5453946455819114,,,
142,18612224,50304,734,369,564,1.9173258431255817,-0.00039568219835928176,0.05136871337890625,0.00012134886400000001,0.9498371481895447,0.9363264441490173,-0.2642876780591905,0.10759424,0.0017478016,42.68936538696289,0.541645642008948,181.69,0.0,0.0,0.541645642008948,,,
143,18743296,50335,751,372,568,1.919127881526947,-0.0004275789833627641,0.059612274169921875,0.00012008183466666667,0.9282350540161133,0.9375556707382202,-0.263060346711427,0.10693888,0.0017907743,41.99232482910156,0.5481908895135703,178.73,0.0,0.0,0.5481908895135703,,,
144,18874368,50356,751,374,572,1.8084344863891602,-0.0005215559576754458,0.050571441650390625,0.00011881480533333332,0.8834456205368042,0.9423224925994873,-0.2633887273259461,0.10628351999999999,0.0014932151,42.120487213134766,0.5362233071953445,180.57,0.0,0.0,0.5362233071953445,,,
145,19005440,50363,706,377,576,1.986863985657692,-0.0005746354236180196,0.048198699951171875,0.00011754777600000001,1.0027799606323242,0.9360510110855103,-0.26634884160012007,0.10562816,0.0015310426,41.51423645019531,0.5365648935054034,176.81,0.0,0.0,0.5365648935054034,,,
146,19136512,50387,762,379,580,1.9055005218833685,-0.0006609460724575911,0.04885292053222656,0.00011628074666666666,0.9572058916091919,0.9380388855934143,-0.2632233933545649,0.10497279999999999,0.0014255303,41.99302291870117,0.5424970026894785,178.03,0.0,0.0,0.5424970026894785,,,
147,19267584,50395,740,382,584,1.9329841081053019,-0.000531841704287217,0.054546356201171875,0.00011501371733333332,1.0050663948059082,0.9388266801834106,-0.26380259171128273,0.10431744,0.0016882307,41.31517028808594,0.5473473473473474,175.88,0.0,0.0,0.5473473473473474,,,
148,19398656,50414,717,384,588,1.7810462974011898,-0.0005725964965677122,0.047245025634765625,0.00011374668800000001,0.8504530191421509,0.9432600140571594,-0.26296087680384517,0.10366208,0.0015381644,42.0916862487793,0.542796632057441,179.37,0.0,0.0,0.542796632057441,,,
149,19529728,50436,717,387,592,1.8411088436841965,-0.0006821472852607258,0.046993255615234375,0.00011247965866666666,0.8307702541351318,0.9403247833251953,-0.26247216248884797,0.10300672,0.0013368661,41.25484848022461,0.5436919951099403,176.2,0.0,0.0,0.5436919951099403,,,
,19660800,,,,596,1.8637022208422422,-0.0002323817170690745,0.0513458251953125,0.00011121262933333332,0.8706833720207214,0.9399988055229187,-0.262671641074121,0.10235135999999999,0.0012956059,,,,,,,0.0,184.1,43.7469596862793
150,19660800,50289,750,390,,,,,,,,,,,42.5384407043457,0.5402962962962963,182.61,0.0,0.0,0.5402962962962963,,,
151,19791872,50309,727,393,600,1.9630382806062698,-0.0007386783236142946,0.048290252685546875,0.00010994559999999998,1.0304555892944336,0.9377188682556152,-0.26055379305034876,0.101696,0.0014288635,41.12489700317383,0.5479987093925653,176.15,0.0,0.0,0.5479987093925653,,,
152,19922944,50320,740,395,604,1.8243195582181215,-0.0002873416233342141,0.05207633972167969,0.00010867857066666669,0.8776342868804932,0.9414077401161194,-0.2628243272192776,0.10104064,0.0015357988,41.06474685668945,0.5442275608942275,176.3,0.0,0.0,0.5442275608942275,,,
153,20054016,50343,691,398,608,1.9040613360702991,-0.0003102480277448194,0.05345726013183594,0.00010741154133333335,1.0029017925262451,0.9384331703186035,-0.2627197280526161,0.10038528,0.0012507725,42.786354064941406,0.5440674635078879,184.7,0.0,0.0,0.5440674635078879,,,
154,20185088,50369,760,400,612,1.7986824661493301,-0.0004429026139405323,0.05123329162597656,0.000106144512,0.8532391786575317,0.9412518739700317,-0.2618014351464808,0.09972991999999999,0.0016268737,41.63450241088867,0.5453216374269007,176.55,0.0,0.0,0.5453216374269007,,,
155,20316160,50392,750,403,616,1.986514512449503,-0.000646775009954581,0.05001068115234375,0.00010487748266666669,0.9453469514846802,0.9376187324523926,-0.25961509346961975,0.09907456,0.001519412,42.688594818115234,0.5496131687242798,182.46,0.0,0.0,0.5496131687242798,,,
156,20447232,50420,694,405,620,1.874762337654829,-0.0002550222225181642,0.0493927001953125,0.00010361045333333335,0.9151113629341125,0.9403868913650513,-0.26361966505646706,0.0984192,0.001134838,41.49665832519531,0.5392073149037607,174.39,0.0,0.0,0.5392073149037607,,,
157,20578304,50429,744,408,624,1.8677464071661234,-0.000460185699921567,0.04633331298828125,0.000102343424,0.8483341932296753,0.9368458390235901,-0.26161649730056524,0.09776383999999999,0.0012616639,43.493125915527344,0.5485530333200583,187.93,0.0,0.0,0.5485530333200583,,,
158,20709376,50438,750,410,628,1.7640557251870632,-0.0005697883334505605,0.04535484313964844,0.00010107639466666669,0.7878715991973877,0.9435503482818604,-0.2592549487017095,0.09710848000000001,0.0010103384,43.154022216796875,0.544395061728395,187.03,0.0,0.0,0.544395061728395,,,
159,20840448,50444,736,413,632,1.9134901482611895,-0.000635214128124062,0.04780006408691406,9.980936533333335e-05,0.947929859161377,0.9388602375984192,-0.2623362885788083,0.09645312,0.00094949245,41.62395095825195,0.5407105475040257,177.1,0.0,0.0,0.5407105475040257,,,
,20971520,,,,636,1.9688908904790878,-0.0006342047890939284,0.048732757568359375,9.8542336e-05,0.8683248162269592,0.9347202181816101,-0.2638986078090966,0.09579776,0.0012544908,,,,,,,0.0,181.56,43.259490966796875
160,20971520,50298,697,416,,,,,,,,,,,40.94761657714844,0.5394725189081956,173.43,0.0,0.0,0.5394725189081956,,,
161,21102592,50326,757,419,640,1.9733260218054056,-0.0005282009606162319,0.04424476623535156,9.727530666666666e-05,0.8834276795387268,0.934601366519928,-0.25954948691651225,0.09514239999999999,0.0010047365,41.48334503173828,0.5478578534501036,177.71,0.0,0.0,0.5478578534501036,,,
162,21233664,50350,693,421,644,1.9398827236145735,-0.000491644095745869,0.049346923828125,9.600827733333335e-05,0.9654817581176758,0.9379104375839233,-0.26088598230853677,0.09448704,0.0011197048,41.95310974121094,0.5498369942814387,177.94,0.0,0.0,0.5498369942814387,,,
163,21364736,50373,775,424,648,1.780040429905057,-0.0005705743351427373,0.04797172546386719,9.4741248e-05,0.933568000793457,0.9409037828445435,-0.26141414511948824,0.09383168,0.0011368827,40.869598388671875,0.545057745917961,171.45,0.0,0.0,0.545057745917961,,,
164,21495808,50386,737,426,652,2.031698375940323,-0.0005988828725094208,0.03742218017578125,9.347421866666666e-05,0.9692628979682922,0.936294436454773,-0.2619240232743323,0.09317631999999999,0.0009528883,43.18708801269531,0.5521382984069552,183.96,0.0,0.0,0.5521382984069552,,,
165,21626880,50409,700,429,656,1.7842491548508406,-0.0005865329094376648,0.0479583740234375,9.220718933333335e-05,0.8740909099578857,0.9424595832824707,-0.2628547507338226,0.09252096,0.0010982582,42.530616760253906,0.5422045855379188,180.43,0.0,0.0,0.5422045855379188,,,
166,21757952,50432,735,431,660,1.9204895086586475,-0.0007806034045643173,0.048595428466796875,9.094016e-05,0.9027982354164124,0.9371808767318726,-0.2646758430637419,0.09186559999999999,0.00092349673,43.623443603515625,0.5488704123624758,187.61,0.0,0.0,0.5488704123624758,,,
167,21889024,50442,760,433,664,1.8749325592070818,-0.0007161426665334147,0.047393798828125,8.967313066666666e-05,0.9550421237945557,0.9410731196403503,-0.25979460682719946,0.09121024,0.0011160772,41.58449172973633,0.54543534762833,176.56,0.0,0.0,0.54543534762833,,,
168,22020096,50457,736,436,668,2.0441793873906136,-0.0005267692959023407,0.04333686828613281,8.840610133333332e-05,0.9827637076377869,0.9358495473861694,-0.26115947030484676,0.09055487999999999,0.0012304444,41.1561279296875,0.543780193236715,174.92,0.0,0.0,0.543780193236715,,,
169,22151168,50471,728,438,672,2.019861526787281,-0.0005884018082724651,0.048397064208984375,8.713907200000003e-05,0.9230527281761169,0.9361191987991333,-0.26522100903093815,0.08989952,0.00091639115,42.91783142089844,0.5416836250169583,183.22,0.0,0.0,0.5416836250169583,,,
,22282240,,,,676,1.8060440886765718,-0.0007119114652596181,0.04892730712890625,8.587204266666669e-05,0.8746470808982849,0.9420870542526245,-0.26631934428587556,0.08924415999999999,0.0009307106,,,,,,,0.0,172.56,41.428489685058594
170,22282240,50359,731,442,,,,,,,,,,,41.15436553955078,0.5376028102886288,176.68,0.0,0.0,0.5376028102886288,,,
171,22413312,50370,759,444,680,1.9636472966521978,-0.0007077578356984304,0.041362762451171875,8.460501333333335e-05,0.9683780670166016,0.9379417896270752,-0.2656047665514052,0.0885888,0.00080306246,40.45792770385742,0.5416808991688219,173.12,0.0,0.0,0.5416808991688219,,,
172,22544384,50388,711,447,684,1.9973594658076763,-0.000559832211365574,0.04305839538574219,8.333798400000003e-05,0.953955888748169,0.9378592371940613,-0.2664017388597131,0.08793344,0.00096365146,41.436946868896484,0.54564081193242,174.1,0.0,0.0,0.54564081193242,,,
173,22675456,50399,779,449,688,1.9173085615038872,-0.0005421901787485695,0.04106712341308594,8.207095466666669e-05,0.8830741047859192,0.938458263874054,-0.26212175004184246,0.08727808,0.0007519608,42.81864929199219,0.5458248149732959,182.4,0.0,0.0,0.5458248149732959,,,
174,22806528,50421,685,452,692,2.0192231629043818,-0.0005595455459115328,0.04311943054199219,8.080392533333335e-05,0.9639353156089783,0.9366235733032227,-0.26306318072602153,0.08662271999999999,0.0008559271,42.4879264831543,0.5466882941335496,183.13,0.0,0.0,0.5466882941335496,,,
175,22937600,50432,736,454,696,1.7064380459487438,-0.00048670167780073825,0.042552947998046875,7.9536896e-05,0.7663165330886841,0.944966733455658,-0.2663629502058029,0.08596735999999999,0.0006654746,42.19026184082031,0.5436124530327429,180.79,0.0,0.0,0.5436124530327429,,,
176,23068672,50442,759,457,700,1.8896475527435541,-0.0006193519275257131,0.04015350341796875,7.826986666666669e-05,0.9461504817008972,0.9397489428520203,-0.25993808917701244,0.085312,0.0008417943,44.062835693359375,0.5447551196343468,188.22,0.0,0.0,0.5447551196343468,,,
177,23199744,50455,726,459,704,1.8335275575518608,-0.0005215316041358165,0.044269561767578125,7.700283733333335e-05,0.8911150693893433,0.9443916082382202,-0.26498839166015387,0.08465663999999999,0.00079553557,41.3440055847168,0.5435499778934122,177.05,0.0,0.0,0.5435499778934122,,,
178,23330816,50466,729,462,708,1.8252686616033316,-0.0006673253938060952,0.04370689392089844,7.5735808e-05,0.947727620601654,0.9419229030609131,-0.2651239656843245,0.08400127999999998,0.0009314682,41.832611083984375,0.5424477975918305,178.44,0.0,0.0,0.5424477975918305,,,
179,23461888,50483,730,464,712,1.8394904546439648,-0.0005550130572373746,0.04451942443847656,7.446877866666669e-05,0.9804316163063049,0.941708505153656,-0.26394033804535866,0.08334592,0.0007398615,40.85710906982422,0.5459665144596652,173.94,0.0,0.0,0.5459665144596652,,,
,23592960,,,,716,1.8620987460017204,-0.0006737006824550917,0.03840446472167969,7.320174933333334e-05,0.9128494262695312,0.9412442445755005,-0.263713332824409,0.08269056,0.00070624566,,,,,,,0.0,182.15,43.808902740478516
180,23592960,50376,742,468,,,,,,,,,,,41.2065315246582,0.5458387408072943,174.52,0.0,0.0,0.5458387408072943,,,
181,23724032,50404,709,470,720,1.8865774422883987,-0.0005947115441813366,0.0418243408203125,7.193472e-05,0.967858076095581,0.9397509694099426,-0.265843388158828,0.08203519999999999,0.00079298427,41.6955451965332,0.5509063365198767,175.5,0.0,0.0,0.5509063365198767,,,
182,23855104,50419,742,473,724,1.7069859355688095,-0.0004840078854613239,0.03949546813964844,7.066769066666666e-05,0.8728882670402527,0.9447757005691528,-0.2654600692912936,0.08137983999999998,0.0007301282,41.64409255981445,0.5464210841569332,176.96,0.0,0.0,0.5464210841569332,,,
183,23986176,50435,730,475,728,1.8508342746645212,-0.0006602672101507778,0.041187286376953125,6.940066133333334e-05,0.8619775176048279,0.9409404993057251,-0.26522574201226234,0.08072448,0.0006646373,43.09724426269531,0.5479282935903941,183.81,0.0,0.0,0.5479282935903941,,,
184,24117248,50435,751,478,732,1.7793255466967821,-0.0005436562596514705,0.03877449035644531,6.8133632e-05,0.8870861530303955,0.9424532651901245,-0.26456319401040673,0.08006912,0.0007106944,41.8529167175293,0.5500484950107675,178.14,0.0,0.0,0.5500484950107675,,,
185,24248320,50447,710,480,736,1.764455309137702,-0.0005746391034335829,0.04122734069824219,6.686660266666666e-05,0.8925250768661499,0.9441847801208496,-0.2677891729399562,0.07941375999999999,0.0007467015,43.4250602722168,0.5444444444444444,186.0,0.0,0.0,0.5444444444444444,,,
186,24379392,50469,719,483,740,1.7963072173297405,-0.0006720702549500857,0.0379791259765625,6.559957333333337e-05,0.7899162769317627,0.9416716694831848,-0.2667574379593134,0.0787584,0.0006070875,41.862709045410156,0.5485842820103367,178.34,0.0,0.0,0.5485842820103367,,,
187,24510464,50481,770,485,744,1.8126049377024174,-0.0005452919822346303,0.04165458679199219,6.433254400000003e-05,0.849912703037262,0.9419354200363159,-0.2631300874054432,0.07810304,0.00068583497,41.53535079956055,0.5472823472823473,175.7,0.0,0.0,0.5472823472823473,,,
188,24641536,50495,737,487,748,1.9000461846590042,-0.0004545443371171132,0.043670654296875,6.306551466666669e-05,0.9710515737533569,0.9399473667144775,-0.2645184868015349,0.07744767999999999,0.00074864714,40.11750793457031,0.5382180009045681,173.54,0.0,0.0,0.5382180009045681,,,
189,24772608,50507,722,490,752,1.9247180111706257,-0.00020840524939558236,0.04318809509277344,6.179848533333334e-05,0.9921532869338989,0.9379693865776062,-0.26561906561255455,0.07679231999999998,0.00065534154,41.783363342285156,0.546133853151397,177.69,0.0,0.0,0.546133853151397,,,
,24903680,,,,756,1.7990988548845053,-0.0006789422268411727,0.04194068908691406,6.053145600000003e-05,0.9360617399215698,0.9425997734069824,-0.26430884562432766,0.07613695999999999,0.00056936,,,,,,,0.0,177.01,42.64404296875
190,24903680,50396,746,494,,,,,,,,,,,41.5371208190918,0.540892993082448,173.93,0.0,0.0,0.540892993082448,,,
191,25034752,50412,739,496,760,1.9454971347004175,-0.000653219680316397,0.03653526306152344,5.9264426666666686e-05,0.947691798210144,0.9406297206878662,-0.26510031893849373,0.0754816,0.0006640996,42.48020935058594,0.5513456623064201,180.84,0.0,0.0,0.5513456623064201,,,
192,25165824,50423,701,499,764,1.8334682397544384,-0.0005807138477393892,0.039600372314453125,5.799739733333334e-05,0.8697938919067383,0.9418292045593262,-0.2662751809693873,0.07482623999999999,0.00057301705,42.06324768066406,0.5475423116887691,177.8,0.0,0.0,0.5475423116887691,,,
193,25296896,50433,734,501,768,1.757801242172718,-0.00047975942652556114,0.039875030517578125,5.673036800000003e-05,0.8184652328491211,0.9430856704711914,-0.26576256332919,0.07417088,0.00062459346,41.03694152832031,0.5453964409459414,174.11,0.0,0.0,0.5453964409459414,,,
194,25427968,50444,756,504,772,1.9131582863628864,-0.0003361055887580733,0.0464019775390625,5.546333866666671e-05,0.9016705751419067,0.9397948384284973,-0.2654587314464152,0.07351552,0.00061233994,41.94331359863281,0.5496113397347965,177.73,0.0,0.0,0.5496113397347965,,,
195,25559040,50461,722,506,776,1.8890300244092941,-0.0005171157063159626,0.04269981384277344,5.419630933333337e-05,0.9123683571815491,0.9410567879676819,-0.2663308014161885,0.07286015999999998,0.0005174512,41.248531341552734,0.547877979549263,172.52,0.0,0.0,0.547877979549263,,,
196,25690112,50470,746,509,780,1.8814332894980907,-0.0005461958226078423,0.03190422058105469,5.292928000000003e-05,0.8894104361534119,0.9397569298744202,-0.2653813511133194,0.07220480000000001,0.00042218395,40.709346771240234,0.5397014530169132,171.7,0.0,0.0,0.5397014530169132,,,
197,25821184,50495,729,511,784,2.0396983437240124,-0.0006289216480581672,0.03826904296875,5.1662250666666685e-05,0.9252843856811523,0.9342909455299377,-0.2680842583067715,0.07154943999999999,0.000496262,40.311546325683594,0.5466307642805128,169.5,0.0,0.0,0.5466307642805128,,,
198,25952256,50512,736,513,788,1.8896120190620422,-0.0007262454819283448,0.04070091247558594,5.039522133333334e-05,0.9301475882530212,0.9389599561691284,-0.2665093466639519,0.07089408,0.00045366885,40.51890563964844,0.5446021202361782,172.14,0.0,0.0,0.5446021202361782,,,
199,26083328,50527,747,516,792,1.9160071220248938,-0.0006473091871157521,0.03670501708984375,4.9128192e-05,0.9205744862556458,0.9389476180076599,-0.2657230603508651,0.07023871999999998,0.0004442944,42.686161041259766,0.5438379030525393,184.89,0.0,0.0,0.5438379030525393,,,
,26214400,,,,796,1.9418739508837461,-0.000520705092640128,0.030504226684570312,4.786116266666671e-05,0.9843466877937317,0.9399968385696411,-0.2660577381029725,0.06958336000000001,0.00040619203,,,,,,,0.0,181.73,43.559322357177734
200,26214400,50420,734,519,,,,,,,,,,,41.217159271240234,0.5432771554479093,173.89,0.0,0.0,0.5432771554479093,,,
201,26345472,50428,759,522,800,1.8298534881323576,-0.0005766787198808743,0.035221099853515625,4.659413333333337e-05,0.8488756418228149,0.9417034983634949,-0.2677119793370366,0.06892799999999999,0.0004612486,42.211299896240234,0.5402983132451732,179.75,0.0,0.0,0.5402983132451732,,,
202,26476544,50433,712,524,804,1.96381002292037,-0.0005834287512698211,0.03803825378417969,4.5327104000000026e-05,0.9344369769096375,0.9379669427871704,-0.26946360245347023,0.06827264,0.00054734293,42.15253448486328,0.5433832709113608,178.52,0.0,0.0,0.5433832709113608,,,
203,26607616,50444,740,527,808,1.8026438280940056,-0.0004710000457635033,0.04088592529296875,4.4060074666666684e-05,0.9711788892745972,0.941624104976654,-0.2669620160013437,0.06761728,0.0004329917,43.704261779785156,0.5462629295962629,186.79,0.0,0.0,0.5462629295962629,,,
204,26738688,50461,727,529,812,1.8078520465642214,-0.0005298041050991742,0.03495597839355469,4.279304533333334e-05,0.8373954892158508,0.9430661201477051,-0.2678566896356642,0.06696191999999998,0.00038160087,42.69948196411133,0.5474892590894425,181.57,0.0,0.0,0.5474892590894425,,,
205,26869760,50471,743,532,816,1.7839985247701406,-0.0006430150988308014,0.03330039978027344,4.1526016e-05,0.8595598340034485,0.9443025588989258,-0.26551783364266157,0.06630655999999999,0.0003906606,41.533939361572266,0.5466161540634399,177.11,0.0,0.0,0.5466161540634399,,,
206,27000832,50478,718,534,820,1.7851431854069233,-0.0005190638439671602,0.03597450256347656,4.0258986666666656e-05,0.7707200050354004,0.9443489909172058,-0.26674877759069204,0.06565119999999999,0.00041378802,42.470787048339844,0.5450324976787372,180.26,0.0,0.0,0.5450324976787372,,,
207,27131904,50488,737,537,824,1.9468536153435707,-0.0004094299065400264,0.025823593139648438,3.899195733333337e-05,0.9172313809394836,0.9381152391433716,-0.2649140455760062,0.06499584,0.0002881473,43.34682083129883,0.5475484530210898,184.23,0.0,0.0,0.5475484530210898,,,
208,27262976,50492,726,539,828,1.8679687846451998,-0.0005576531984843314,0.028997421264648438,3.7724928000000026e-05,0.8418335318565369,0.9418962001800537,-0.2660558130592108,0.06434047999999998,0.00031016726,42.37135696411133,0.5536679930619324,179.69,0.0,0.0,0.5536679930619324,,,
209,27394048,50501,736,542,832,1.7616030555218458,-0.0005012451238144422,0.029352188110351562,3.645789866666668e-05,0.855815589427948,0.9433083534240723,-0.2694784370251,0.06368511999999998,0.0003141944,41.97337341308594,0.545306629092861,177.68,0.0,0.0,0.545306629092861,,,
,27525120,,,,836,1.9026299733668566,-0.00063960331317503,0.029993057250976562,3.5190869333333395e-05,0.9078059196472168,0.9385258555412292,-0.26642825454473495,0.06302975999999999,0.00031970697,,,,,,,0.0,174.29,42.316768646240234
210,27525120,50424,726,545,,,,,,,,,,,42.748783111572266,0.5458116518722579,182.27,0.0,0.0,0.5458116518722579,,,
211,27656192,50444,748,548,840,1.8877059035003185,-0.0005902239308852586,0.0269622802734375,3.392384000000005e-05,0.9573164582252502,0.9400572180747986,-0.26686647441238165,0.062374399999999997,0.0003073502,43.26640701293945,0.5478312537136065,184.65,0.0,0.0,0.5478312537136065,,,
212,27787264,50467,746,550,844,1.8325810246169567,-0.00047761655878275633,0.02741241455078125,3.265681066666671e-05,0.8932763338088989,0.9419678449630737,-0.2673904336988926,0.061719039999999975,0.00028055842,41.762542724609375,0.5409260914176016,178.5,0.0,0.0,0.5409260914176016,,,
213,27918336,50485,730,553,848,1.986589664593339,-0.0005656381208609673,0.025285720825195312,3.138978133333337e-05,0.940065324306488,0.9381465911865234,-0.26593148708343506,0.06106367999999998,0.00027736038,42.629417419433594,0.5457804836800271,181.63,0.0,0.0,0.5457804836800271,,,
214,28049408,50489,774,555,852,1.8901479225605726,-0.00044922014421899803,0.029932022094726562,3.0122752000000025e-05,0.8806968927383423,0.9413781762123108,-0.26630275370553136,0.06040831999999999,0.00031238465,41.9643440246582,0.5387596899224806,176.7,0.0,0.0,0.5387596899224806,,,
215,28180480,50498,679,558,856,2.0917395874857903,-0.000474005153591861,0.023832321166992188,2.8855722666666682e-05,1.0214221477508545,0.9357720613479614,-0.26694122375920415,0.059752959999999994,0.00027141027,42.47297286987305,0.5476281386934307,178.08,0.0,0.0,0.5476281386934307,,,
216,28311552,50507,763,560,860,1.7338380422443151,-0.0005373861240514088,0.026042938232421875,2.758869333333334e-05,0.79231858253479,0.9445949196815491,-0.2680978076532483,0.05909759999999997,0.00025521347,42.909446716308594,0.5491966409397602,181.61,0.0,0.0,0.5491966409397602,,,
217,28442624,50507,739,563,864,1.8856858741492033,-0.0004866364542976953,0.021043777465820312,2.632166400000005e-05,0.98049396276474,0.9421356916427612,-0.2645570910535753,0.058442240000000006,0.00019916488,41.51618957519531,0.5468016505454485,174.86,0.0,0.0,0.5468016505454485,,,
218,28573696,50520,709,565,868,1.869213279336691,-0.0004877670180576388,0.0229339599609375,2.505463466666671e-05,0.9455457925796509,0.9428648948669434,-0.26889395667240024,0.057786879999999985,0.0002229618,42.26274108886719,0.5457347333228857,178.31,0.0,0.0,0.5457347333228857,,,
219,28704768,50533,743,568,872,1.8404152356088161,-0.00044131534014013596,0.021829605102539062,2.3787605333333366e-05,0.8986477851867676,0.9423668384552002,-0.26672978326678276,0.05713151999999999,0.00019328178,42.8686637878418,0.5459515145472973,182.39,0.0,0.0,0.5459515145472973,,,
,28835840,,,,876,1.899383658543229,-0.0005127737513248576,0.021913528442382812,2.2520576000000024e-05,0.9298700094223022,0.9418006539344788,-0.26402228185907006,0.05647615999999997,0.0002038773,,,,,,,0.0,177.99,42.12306213378906
220,28835840,50446,762,571,,,,,,,,,,,43.266143798828125,0.550986682220278,184.91,0.0,0.0,0.550986682220278,,,
221,28966912,50453,704,574,880,1.8452460877597332,-0.0004502937590586953,0.021276473999023438,2.125354666666668e-05,0.8991793990135193,0.9435029029846191,-0.2685820711776614,0.055820800000000004,0.00019300806,42.840850830078125,0.5454545454545454,180.2,0.0,0.0,0.5454545454545454,,,
222,29097984,50455,750,576,884,1.8012283965945244,-0.0004819106179638766,0.019195556640625,1.998651733333334e-05,0.8817161321640015,0.9427286386489868,-0.2668168772943318,0.05516543999999998,0.00018783784,42.331504821777344,0.5436707818930041,179.55,0.0,0.0,0.5436707818930041,,,
223,29229056,50456,754,579,888,1.9380852244794369,-0.00048607772077957634,0.020277023315429688,1.8719487999999996e-05,0.9093350768089294,0.9403836131095886,-0.2670168341137469,0.05451007999999999,0.00017493697,42.90851974487305,0.5421619674493237,182.53,0.0,0.0,0.5421619674493237,,,
224,29360128,50461,716,581,892,1.9803217146545649,-0.00046504375131917186,0.016933441162109375,1.7452458666666708e-05,1.0083680152893066,0.9390999674797058,-0.26660006726160645,0.053854719999999995,0.00016057884,41.35578918457031,0.5458135043796123,175.26,0.0,0.0,0.5458135043796123,,,
225,29491200,50472,719,584,896,1.8285455405712128,-0.0004585034503179486,0.017156600952148438,1.6185429333333366e-05,0.8838130235671997,0.9422896504402161,-0.2668051263317466,0.05319936,0.00015794273,41.15610885620117,0.5437593365270694,174.94,0.0,0.0,0.5437593365270694,,,
226,29622272,50485,771,586,900,1.8368059024214745,-0.00038441924334620126,0.018230438232421875,1.4918400000000023e-05,0.9039482474327087,0.9419859647750854,-0.2655317769385874,0.05254399999999998,0.00014669201,41.473453521728516,0.5425533618356791,177.6,0.0,0.0,0.5425533618356791,,,
227,29753344,50497,718,589,904,2.033822860568762,-0.0003694036950037116,0.014751434326171875,1.3651370666666735e-05,1.0247511863708496,0.9378492832183838,-0.26661826204508543,0.051888639999999986,0.00012923838,42.20170593261719,0.5454967502321263,179.35,0.0,0.0,0.5454967502321263,,,
228,29884416,50505,745,591,908,1.8828602731227875,-0.0003652020386653021,0.013166427612304688,1.2384341333333392e-05,0.864387571811676,0.9405657649040222,-0.268071963917464,0.05123327999999999,0.00012359298,41.4255256652832,0.545148728146491,175.52,0.0,0.0,0.545148728146491,,,
229,30015488,50518,754,594,912,1.926049217581749,-0.0004182430084256339,0.01395416259765625,1.111731200000005e-05,0.9234142899513245,0.9392836689949036,-0.26642926409840584,0.05057792,0.00012065658,43.147762298583984,0.5476471166126339,183.29,0.0,0.0,0.5476471166126339,,,
