curriculum/frontier,time/total_timesteps,time/iterations,curriculum/success_rate,time/fps,time/time_elapsed,rollout/episodes,rollout/ep_len_mean,rollout/success_rate,train/explained_variance,rollout/ep_rew_mean,train/approx_kl,rollout/win_rate_true_start,train/learning_rate,rollout/fill_mean,train/n_updates,train/entropy_loss,rollout/fill_mean_true_start,train/value_loss,train/clip_range,train/loss,train/clip_fraction,train/policy_gradient_loss,eval/success_rate,eval/mean_reward,eval/mean_ep_length
15,32768,1,nan,49330,0,0,,,,,,,,,,,,,,,,,,,
15,65536,2,nan,38544,1,68,36.044117647058826,0.39705882352941174,-0.03566265106201172,10.71495532989502,0.004750251,0.0975609756097561,0.000298099456,0.8465073529411765,4,-1.2298590205609798,0.7576219512195121,0.5981473941355944,0.19901696,0.23298749327659607,0.01049041748046875,-0.008514858505805023,,,
15,98304,3,0.75,38361,2,933,38.78,0.65,-0.01082468032836914,12.532220840454102,0.007481956,0.23670212765957446,0.000296198912,0.8944935691318328,8,-1.02745970338583,0.78125,1.2666293121874332,0.19803392,0.5065456628799438,0.0338134765625,-0.012345302529865876,,,
15,131072,4,0.7241045498547919,38468,3,2072,21.2,0.65,-0.012239456176757812,10.029800415039062,0.005356359,0.2964426877470356,0.00029429836799999996,0.9427787162162162,12,-0.78956482373178,0.8633893280632411,7.023599803447723,0.19705088,3.188368558883667,0.01842498779296875,-0.006266559059440624,,,
15,163840,5,0.7555350553505535,38588,4,1962,15.02,0.72,0.10681843757629395,11.37597942352295,0.004657116,0.3299319727891156,0.00029239782399999997,0.9567405708460754,16,-0.714344434440136,0.8624574829931972,11.79173794388771,0.19606784000000002,5.596125602722168,0.02072906494140625,-0.006004102859151317,,,
15,196608,6,0.8110014104372355,38624,5,2076,16.43,0.66,0.08596491813659668,10.954568862915039,0.005416409,0.28507795100222716,0.00029049728,0.9525228805394991,20,-0.7262317128479481,0.852728285077951,10.3848996758461,0.1950848,4.893443584442139,0.01961517333984375,-0.006004980532452464,,,
15,229376,7,0.8460136674259681,38473,5,2177,12.0,0.79,-0.002953648567199707,12.0389986038208,0.0041079978,0.36099585062240663,0.000288596736,0.961070280202113,24,-0.658784044906497,0.8774636929460581,10.845535516738892,0.19410176,5.283052444458008,0.02276611328125,-0.004287478965125047,,,
15,262144,8,0.8795833333333334,38209,6,2442,13.99,0.72,-0.008724212646484375,12.127009391784668,0.004914494,0.35239852398523985,0.00028669619199999996,0.9633753071253072,28,-0.609249422326684,0.8767297047970479,10.496376693248749,0.19311872000000002,4.9824347496032715,0.023223876953125,-0.003964026087487582,,,
15,294912,9,0.8993314982304365,37923,7,2552,11.67,0.83,0.02461695671081543,12.719329833984375,0.0030097188,0.41846758349705304,0.00028479564799999997,0.971664380877743,32,-0.538340812548995,0.8974705304518664,11.03762412071228,0.19213568000000003,5.346532344818115,0.0175628662109375,-0.0029353090067161247,,,
,327680,,,,,,,,0.07825499773025513,,0.0025707795,,0.000282895104,,36,-0.5041796769946814,,10.028262287378311,0.19115264,4.896948337554932,0.01248931884765625,-0.0027268353951512836,0.47,17.859664916992188,31.33
14,327680,10,0.9216518718641451,36324,9,2647,14.56,0.79,,13.376439094543457,,0.38848920863309355,,0.971500755572346,,,0.8900629496402878,,,,,,,,
13,360448,11,0.9015109121432568,36472,9,2306,13.36,0.88,0.1203269362449646,14.197639465332031,0.0032847426,0.4277456647398844,0.00028099455999999994,0.970321986123157,40,-0.4632453825324774,0.9030587668593449,10.166906863451004,0.1901696,5.000955104827881,0.0200347900390625,-0.0028562307852553204,,,
13,393216,12,0.8745046235138706,36712,10,1991,17.29,0.78,0.14670509099960327,14.493709564208984,0.002645078,0.4591194968553459,0.00027909401599999996,0.9680750878955299,44,-0.4191155703738332,0.9099842767295597,9.942880898714066,0.18918656,4.974337577819824,0.01799774169921875,-0.0021426786697702482,,,
13,425984,13,0.8817456593148757,36987,11,2055,15.7,0.81,0.17631351947784424,14.475299835205078,0.0035984446,0.4740566037735849,0.00027719347199999997,0.9708333333333333,48,-0.37640559766441584,0.9056603773584906,9.613135755062103,0.18820352,4.71983528137207,0.0253448486328125,-0.0030842695050523616,,,
13,458752,14,0.8965028355387523,37300,12,2022,16.07,0.78,0.19638949632644653,13.854928970336914,0.0028346502,0.5344827586206896,0.000275292928,0.9740046983184966,52,-0.3374664532020688,0.9154864532019704,9.0146025121212,0.18722048000000002,4.623997211456299,0.018768310546875,-0.002415129121800419,,,
12,491520,15,0.912211868563021,37507,13,1954,14.8,0.87,0.21711474657058716,14.916199684143066,0.0017125176,0.5180722891566265,0.000273392384,0.9745713920163767,56,-0.3208868335932493,0.9149096385542169,7.981755584478378,0.18623744,3.568690776824951,0.0159149169921875,-0.0015049247813294642,,,
11,524288,16,0.9077144917087239,37747,13,1795,20.2,0.81,0.24231386184692383,15.620798110961914,0.0017168275,0.6004901960784313,0.00027149184,0.9760793871866296,60,-0.30435027834028006,0.9342830882352942,7.626610830426216,0.1852544,3.8896923065185547,0.01732635498046875,-0.0024766973583609797,,,
11,557056,17,0.8739635157545605,37990,14,1556,18.65,0.86,0.24837791919708252,15.872350692749023,0.0037619618,0.6,0.00026959129599999997,0.9716821979434447,64,-0.2816648744046688,0.9339285714285714,6.883240252733231,0.18427136,3.470454692840576,0.03040313720703125,-0.002200343857111875,,,
11,589824,18,0.8797878609310548,38278,15,1508,23.52,0.86,0.2701229453086853,16.947479248046875,0.0029583217,0.639871382636656,0.000267690752,0.9764588859416445,68,-0.27369522117078304,0.9423231511254019,7.172035664319992,0.18328832,3.704829454421997,0.029052734375,-0.0018163334534619935,,,
10,622592,19,0.9035997559487492,38498,16,1457,23.16,0.82,0.30178314447402954,16.7778377532959,0.0028731015,0.660377358490566,0.000265790208,0.9757206588881263,72,-0.2550560007803142,0.9398584905660378,5.880667194724083,0.18230528000000001,2.8758959770202637,0.0235748291015625,-0.0023739649295748677,,,
,655360,,,,,,,,0.3219943046569824,,0.0025848853,,0.00026388966399999996,,76,-0.2387829045765102,,5.7704575806856155,0.18132224,2.7168736457824707,0.0260772705078125,-0.0024946218836703338,0.79,22.049497604370117,41.49
9,655360,20,0.9013806706114399,37934,17,1319,23.8,0.82,,16.837200164794922,,0.6950819672131148,,0.978440106141016,,,0.953688524590164,,,,,,,,
9,688128,21,0.8788221970554927,37988,18,1169,27.36,0.84,0.3515018820762634,17.773639678955078,0.0025878896,0.7272727272727273,0.00026198911999999997,0.975352865697177,80,-0.22293764352798462,0.951048951048951,4.941315472126007,0.1803392,2.5862343311309814,0.03040313720703125,-0.002548621181631461,,,
9,720896,22,0.8761835396941005,38003,18,1115,30.72,0.84,0.3726258873939514,18.210281372070312,0.0020445304,0.7355371900826446,0.000260088576,0.9757286995515695,84,-0.21610682224854827,0.9519628099173554,4.89676508307457,0.17935616000000001,2.3139307498931885,0.02643585205078125,-0.001203898591484176,,,
9,753664,23,0.8930402930402931,38086,19,1102,30.89,0.87,0.39003968238830566,18.910110473632812,0.0020776042,0.7932489451476793,0.000258188032,0.9800362976406534,88,-0.1954278820194304,0.9643987341772152,4.509057983756065,0.17837312000000002,2.334821939468384,0.01789093017578125,-0.0014960927364882082,,,
8,786432,24,0.9038884812912693,38228,20,1098,29.23,0.83,0.3876744508743286,17.831771850585938,0.0013259299,0.774468085106383,0.000256287488,0.980134335154827,92,-0.1856227214448154,0.9643617021276596,3.9027837812900543,0.17739008,2.010979413986206,0.01593780517578125,-0.0017554267760715447,,,
7,819200,25,0.9231738035264484,38293,21,1003,30.89,0.85,0.4085031747817993,18.580108642578125,0.0025043401,0.8038277511961722,0.00025438694399999997,0.984172482552343,96,-0.16969209536910057,0.9641148325358851,3.8449820429086685,0.17640704000000001,1.7639061212539673,0.02767181396484375,-0.002223851877715788,,,
7,851968,26,0.8975817923186344,38508,22,921,36.76,0.91,0.43478119373321533,20.424240112304688,0.0013366712,0.8853211009174312,0.0002524864,0.9823561346362649,100,-0.16611307254061103,0.9767775229357798,3.0017600506544113,0.17542400000000002,1.5124949216842651,0.01306915283203125,-0.0011537070822669193,,,
6,884736,27,0.915126050420168,38682,22,882,38.26,0.93,0.455233633518219,21.062742233276367,0.002105467,0.875,0.000250585856,0.9875992063492064,104,-0.16518448339775205,0.9853515625,2.7536642029881477,0.17444096,1.4690581560134888,0.0191650390625,-0.0015141557596507482,,,
5,917504,28,0.9121212121212121,38826,23,823,39.26,0.92,0.513198971748352,20.921737670898438,0.0019439666,0.8588957055214724,0.000248685312,0.9847357229647631,108,-0.1616163239814341,0.9723926380368099,2.335685260593891,0.17345792000000002,0.9733337759971619,0.0232391357421875,-0.0013885034786653705,,,
4,950272,29,0.9272097053726169,38921,24,746,42.05,0.91,0.5122223496437073,21.598949432373047,0.0015523611,0.8875739644970414,0.00024678476799999997,0.9872654155495979,112,-0.16608202969655395,0.9796597633136095,2.4248402938246727,0.17247488,1.2748042345046997,0.01697540283203125,-0.0009171818528557196,,,
,983040,,,,,,,,0.5429384708404541,,0.0015088173,,0.000244884224,,116,-0.17281786305829883,,1.9858662262558937,0.17149184,0.9518131017684937,0.02032470703125,-0.0015052954804559704,0.91,22.728740692138672,52.17
3,983040,30,0.9202334630350194,38222,25,725,44.85,0.87,,21.606149673461914,,0.909952606635071,,0.9880172413793104,,,0.9872630331753555,,,,,,,,
3,1015808,31,nan,38251,26,710,46.28,0.95,0.583143949508667,23.004718780517578,0.0015354904,0.9264705882352942,0.00024298368,0.9873239436619718,120,-0.17477414617314935,0.9898897058823529,1.8586765192449093,0.17050880000000002,0.9641068577766418,0.01657867431640625,-0.0014711833646288142,,,
2,1048576,32,0.9001218026796589,38355,27,697,46.65,0.91,0.6064324378967285,22.914344787597656,0.0018857192,0.9267515923566879,0.00024108313599999995,0.9881635581061693,124,-0.1720068189315498,0.9906449044585988,1.855392251163721,0.16952576,0.9302390217781067,0.024505615234375,-0.001384897346724756,,,
2,1081344,33,nan,38404,28,701,46.61,0.93,0.614409327507019,23.164384841918945,0.0010508319,0.9088145896656535,0.000239182592,0.9838623395149786,128,-0.16835953202098608,0.9848024316109423,1.7848230823874474,0.16854272,0.826900064945221,0.014862060546875,-0.0009798028549994342,,,
1,1114112,34,0.9211309523809523,38489,28,688,48.67,0.95,0.6089670062065125,23.852327346801758,0.0015808139,0.9175257731958762,0.00023728204799999998,0.9871911337209303,132,-0.1728064571507275,0.9850193298969072,1.870465949177742,0.16755968,0.9149565100669861,0.0186920166015625,-0.001355271197098773,,,
1,1146880,35,nan,38562,29,689,47.91,0.98,0.6264019012451172,24.243087768554688,0.0015167479,0.9353233830845771,0.000235381504,0.9896589259796807,136,-0.16415961319580674,0.9888059701492538,1.674406971782446,0.16657664,0.6707721948623657,0.02448272705078125,-0.0012679763603955507,,,
1,1179648,36,nan,38612,30,664,47.53,0.93,0.6474788784980774,23.973464965820312,0.001329171,0.9232209737827716,0.00023348095999999998,0.9889871987951807,140,-0.16975520877167583,0.9870084269662921,1.4360038451850414,0.1655936,0.6232774257659912,0.01621246337890625,-0.0011664572448353283,,,
1,1212416,37,nan,38690,31,696,46.83,0.84,0.6413598656654358,22.694169998168945,0.0018278044,0.9050359712230216,0.000231580416,0.9851831896551724,144,-0.17463243613019586,0.9851618705035972,1.4030644744634628,0.16461056000000002,0.7170361876487732,0.02204132080078125,-0.0010847025405382738,,,
1,1245184,38,nan,38744,32,692,46.87,0.93,0.6153737306594849,24.03412437438965,0.0018284069,0.9060693641618497,0.00022967987199999998,0.9866329479768786,148,-0.1687402268871665,0.9866329479768786,1.9679630771279335,0.16362752,1.0685878992080688,0.0231475830078125,-0.0011381026561139151,,,
1,1277952,39,nan,38799,32,700,46.72,0.94,0.634697675704956,24.134275436401367,0.0018096481,0.9157142857142857,0.00022777932799999997,0.9851785714285715,152,-0.16274492628872395,0.9851785714285715,1.8726220950484276,0.16264447999999998,1.0383745431900024,0.02032470703125,-0.0011506662322062766,,,
,1310720,,,,,,,,0.6427770853042603,,0.0018471815,,0.000225878784,,156,-0.16285697789862752,,1.8312277793884277,0.16166144,0.8391584157943726,0.02147674560546875,-0.001283239631447941,0.93,23.95421600341797,46.78
1,1310720,40,nan,38426,34,688,46.18,0.95,,24.284814834594727,,0.9229651162790697,,0.9884629360465116,,,0.9884629360465116,,,,,,,,
1,1343488,41,nan,38541,34,719,47.53,0.87,0.6596906781196594,23.163463592529297,0.0016585758,0.9026425591098748,0.00022397824000000002,0.9852225312934632,160,-0.15721763810142875,0.9852225312934632,1.5936914719641209,0.1606784,0.8290327191352844,0.0225372314453125,-0.0013550941403082106,,,
1,1376256,42,nan,38556,35,672,46.05,0.91,0.6352276802062988,23.664945602416992,0.0015230314,0.9211309523809523,0.00022207769599999998,0.9845610119047619,164,-0.14964021695777774,0.9845610119047619,2.005591109395027,0.15969536,1.063533902168274,0.02236175537109375,-0.001000493168248795,,,
1,1409024,43,nan,38629,36,709,47.59,0.94,0.6405540704727173,24.163406372070312,0.0016250422,0.9167842031029619,0.000220177152,0.9876586741889986,168,-0.1443765009753406,0.9876586741889986,1.7007516399025917,0.15871232000000002,0.9136594533920288,0.01949310302734375,-0.0008302563619508874,,,
1,1441792,44,nan,38591,37,694,47.22,0.93,0.6521492004394531,23.983774185180664,0.0018579414,0.9221902017291066,0.000218276608,0.9858609510086456,172,-0.1486404617317021,0.9858609510086456,1.755277194082737,0.15772928,1.033467173576355,0.0232086181640625,-0.0005245591710263398,,,
1,1474560,45,nan,38673,38,706,47.19,0.92,0.6377710103988647,23.773805618286133,0.0011439206,0.9263456090651558,0.00021637606399999996,0.9873406515580736,176,-0.14108194271102548,0.9873406515580736,1.7264316491782665,0.15674624,0.8965681791305542,0.0186614990234375,-0.000947902663028799,,,
1,1507328,46,nan,38704,38,682,47.74,0.94,0.6514806151390076,24.203258514404297,0.0015995749,0.9296187683284457,0.00021447551999999998,0.9890029325513197,180,-0.13934497721493244,0.9890029325513197,1.6300765126943588,0.1557632,0.8550006151199341,0.02227783203125,-0.0008529998631274793,,,
1,1540096,47,nan,38790,39,701,46.96,0.96,0.6752561330795288,24.39403533935547,0.00085980253,0.9557774607703281,0.000212574976,0.9917974322396577,184,-0.13722563069313765,0.9917974322396577,1.4853658899664879,0.15478016,0.7191959619522095,0.01433563232421875,-0.0011267584741290193,,,
1,1572864,48,nan,38892,40,712,47.57,0.93,0.7154438495635986,23.95342254638672,0.0011605208,0.9367977528089888,0.000210674432,0.9900807584269663,188,-0.13611278077587485,0.9900807584269663,1.133519859984517,0.15379712,0.540519654750824,0.01383209228515625,-0.001209771533467574,,,
1,1605632,49,nan,39000,41,674,47.84,0.97,0.6933565139770508,24.573158264160156,0.0012434226,0.9584569732937686,0.000208773888,0.9932307121661721,192,-0.12664795550517738,0.9932307121661721,1.3642798885703087,0.15281408000000002,0.7156765460968018,0.0178985595703125,-0.00010429354369989596,,,
,1638400,,,,,,,,0.7281888723373413,,0.0014531979,,0.00020687334399999998,,196,-0.12914187181741,,1.0486947558820248,0.15183104,0.6235100626945496,0.0247344970703125,-0.0009945956262527034,0.93,23.99506378173828,45.93
1,1638400,50,nan,38736,42,700,46.73,0.97,,24.504270553588867,,0.9514285714285714,,0.990625,,,0.990625,,,,,,,,
1,1671168,51,nan,38766,43,709,46.87,0.92,0.7218186855316162,23.894123077392578,0.0011274187,0.9506346967559943,0.0002049728,0.9923307475317349,200,-0.1258228956721723,0.9923307475317349,1.1465721260756254,0.150848,0.5285688042640686,0.0185089111328125,-0.001132476463681087,,,
1,1703936,52,nan,38817,43,710,45.29,0.94,0.7172987461090088,24.175703048706055,0.001289367,0.9464788732394366,0.000203072256,0.991637323943662,204,-0.12426353548653424,0.991637323943662,1.167970908805728,0.14986496,0.5262019038200378,0.02447509765625,-0.0008114890733850189,,,
1,1736704,53,nan,38863,44,693,47.2,0.94,0.732329249382019,24.213794708251953,0.0014334552,0.9494949494949495,0.00020117171199999996,0.9931457431457431,208,-0.11934490199200809,0.9931457431457431,1.1492145955562592,0.14888192,0.5912395715713501,0.02045440673828125,-0.0005600933691312093,,,
1,1769472,54,nan,38946,45,711,47.39,0.96,0.7281827926635742,24.433603286743164,0.0013587663,0.9493670886075949,0.00019927116799999998,0.990506329113924,212,-0.12386112683452666,0.990506329113924,1.1631047874689102,0.14789888,0.6781335473060608,0.01605987548828125,-0.00030204385257093236,,,
1,1802240,55,nan,38968,46,711,46.35,0.94,0.7233505249023438,24.1346492767334,0.0012335171,0.9465541490857946,0.000197370624,0.9896272855133614,216,-0.11873755604028702,0.9896272855133614,1.2184290029108524,0.14691584000000002,0.6212388277053833,0.01947784423828125,-0.0007322548335650936,,,
1,1835008,56,nan,39000,47,696,46.24,0.95,0.7205542922019958,24.27475357055664,0.00089411286,0.9367816091954023,0.00019547008,0.9885955459770115,220,-0.11810962948948145,0.9885955459770115,1.269837349653244,0.1459328,0.6536277532577515,0.0181427001953125,-0.0007385855278698727,,,
1,1867776,57,nan,39003,47,725,45.92,0.95,0.7180749177932739,24.315073013305664,0.0010229514,0.9503448275862069,0.00019356953599999996,0.9927586206896551,224,-0.11655039270408452,0.9927586206896551,1.2819573394954205,0.14494975999999998,0.5547595024108887,0.01567840576171875,-0.0008181982484529726,,,
1,1900544,58,nan,39062,48,683,47.48,0.95,0.7358555197715759,24.273513793945312,0.0012890134,0.9472913616398243,0.000191668992,0.9918557833089312,228,-0.11494775023311377,0.9918557833089312,1.1396990213543177,0.14396672,0.5654346942901611,0.01943206787109375,-0.00018786268992698751,,,
1,1933312,59,nan,39081,49,732,44.82,0.97,0.7414571046829224,24.596174240112305,0.0011318962,0.9576502732240437,0.000189768448,0.9914617486338798,232,-0.11385038262233138,0.9914617486338798,1.0584254302084446,0.14298368,0.5501053333282471,0.0175018310546875,-0.0008609563556092326,,,
,1966080,,,,,,,,0.7391655445098877,,0.0017318327,,0.00018786790399999997,,236,-0.11309170979075134,,1.0514273010194302,0.14200063999999998,0.474481463432312,0.02112579345703125,-0.0006000030916766264,0.94,24.156715393066406,44.28
1,1966080,60,nan,38867,50,709,45.96,0.94,,24.125036239624023,,0.9464033850493653,,0.9914492242595204,,,0.9914492242595204,,,,,,,,
1,1998848,61,nan,38937,51,699,45.99,0.95,0.7235150933265686,24.285005569458008,0.0007054532,0.9542203147353362,0.00018596736,0.9916845493562232,240,-0.11067986232228577,0.9916845493562232,1.2497581988573074,0.1410176,0.6350548267364502,0.01514434814453125,-0.0006814813605160452,,,
1,2031616,62,nan,38990,52,735,44.81,0.94,0.7459964752197266,24.12618637084961,0.0008667479,0.9251700680272109,0.00018406681600000003,0.9870748299319728,244,-0.1128184290137142,0.9870748299319728,1.0613663997501135,0.14003456,0.7144957780838013,0.01554107666015625,-0.0008348525188921485,,,
1,2064384,63,nan,39026,52,728,46.72,0.97,0.7113526463508606,24.5042781829834,0.0011530303,0.9532967032967034,0.000182166272,0.9916723901098901,248,-0.11293911398388445,0.9916723901098901,1.491076372563839,0.13905152,0.7523598074913025,0.0169525146484375,-0.0009178342661471106,,,
1,2097152,64,nan,39026,53,711,44.7,0.9,0.7428595423698425,23.556299209594727,0.0008350129,0.9381153305203939,0.000180265728,0.9876054852320675,252,-0.10603233519941568,0.9876054852320675,1.1025252658873796,0.13806848,0.4900635778903961,0.02053070068359375,-0.00043830012873513624,,,
1,2129920,65,nan,38999,54,731,44.87,0.9,0.7253875732421875,23.496126174926758,0.001110612,0.9384404924760602,0.00017836518400000001,0.9873461012311902,256,-0.10519507387652993,0.9873461012311902,1.2471930012106895,0.13708544,0.6045284271240234,0.0182952880859375,-0.0010289911569998367,,,
1,2162688,66,nan,39014,55,736,43.96,0.93,0.704114556312561,23.997034072875977,0.00084619725,0.9402173913043478,0.00017646464000000003,0.9891304347826086,260,-0.10647377069108188,0.9891304347826086,1.413260817527771,0.1361024,0.7135558724403381,0.0146636962890625,-0.0009609488188289106,,,
1,2195456,67,nan,39040,56,706,44.69,0.93,0.7224916815757751,23.966306686401367,0.0008019302,0.9546742209631728,0.000174564096,0.9933604815864022,264,-0.10924801742658019,0.9933604815864022,1.2908844389021397,0.13511936,0.5309785604476929,0.01190948486328125,-0.000611494073382346,,,
1,2228224,68,nan,39083,57,737,44.82,0.97,0.7274113893508911,24.5861759185791,0.0006589646,0.9484396200814111,0.000172663552,0.9923677069199457,268,-0.10462789819575846,0.9923677069199457,1.1158685833215714,0.13413632,0.505693256855011,0.0157318115234375,-0.0002993916095874738,,,
1,2260992,69,nan,39102,57,705,46.04,0.95,0.7402150630950928,24.224958419799805,0.0013232086,0.948936170212766,0.000170763008,0.9920212765957447,272,-0.10647215228527784,0.9920212765957447,1.1453532129526138,0.13315328,0.5591530799865723,0.019378662109375,-0.0004136978750466369,,,
,2293760,,,,,,,,0.751732587814331,,0.0011499715,,0.000168862464,,276,-0.10188181232661009,,1.0537941474467516,0.13217024,0.5272473692893982,0.02085113525390625,-0.0009265069929824676,0.98,24.615467071533203,45.53
1,2293760,70,nan,38899,58,712,44.62,0.93,,23.956377029418945,,0.9452247191011236,,0.9910463483146067,,,0.9910463483146067,,,,,,,,
1,2326528,71,nan,38974,59,749,45.35,0.95,0.7338230013847351,24.29564666748047,0.00053317135,0.9412550066755674,0.00016696191999999999,0.9895694259012016,280,-0.10425382503308356,0.9895694259012016,1.219773456454277,0.1311872,0.5401764512062073,0.01299285888671875,-0.0007987701210367959,,,
1,2359296,72,nan,39026,60,729,44.66,0.95,0.7341139316558838,24.246335983276367,0.00063077034,0.9506172839506173,0.000165061376,0.9897119341563786,284,-0.10089689376764,0.9897119341563786,1.258634865283966,0.13020416,0.5877272486686707,0.0153961181640625,-0.0007267078326549381,,,
1,2392064,73,nan,39055,61,743,45.32,0.92,0.739044725894928,23.775672912597656,0.0007286268,0.946164199192463,0.000163160832,0.9901581426648721,288,-0.10357987461611629,0.9901581426648721,1.1349247749894857,0.12922112000000002,0.4943656325340271,0.0164642333984375,-0.0006757708688382991,,,
1,2424832,74,nan,39110,61,699,45.34,0.97,0.725250244140625,24.525653839111328,0.0011073389,0.9527896995708155,0.00016126028799999997,0.9920422031473534,292,-0.10105007933452725,0.9920422031473534,1.2359877564013004,0.12823807999999998,0.5119509696960449,0.01959991455078125,-0.0008233668813772965,,,
1,2457600,75,nan,39089,62,754,45.86,0.98,0.7529580593109131,24.63513946533203,0.00067685737,0.9562334217506632,0.00015935974399999999,0.993368700265252,296,-0.10605340613983572,0.993368700265252,1.006641823798418,0.12725503999999999,0.6570908427238464,0.0167388916015625,-0.0007914651578175835,,,
1,2490368,76,nan,39120,63,760,44.65,0.96,0.760564386844635,24.406339645385742,0.0007156716,0.9447368421052632,0.00015745920000000003,0.9887335526315789,300,-0.10115226753987372,0.9887335526315789,0.9984788373112679,0.126272,0.4235560894012451,0.0131988525390625,-0.00076392028859118,,,
1,2523136,77,nan,39182,64,706,44.23,0.92,0.7250952124595642,23.81676483154297,0.0006311786,0.943342776203966,0.000155558656,0.9901735127478754,304,-0.1014318026136607,0.9901735127478754,1.315145630389452,0.12528896,0.5530826449394226,0.01589202880859375,-0.0007543318697571522,,,
1,2555904,78,nan,39201,65,727,44.17,0.96,0.7310607433319092,24.43682289123535,0.0005737513,0.9573590096286108,0.000153658112,0.9938101788170564,308,-0.10130810900591314,0.9938101788170564,1.276886148378253,0.12430591999999999,0.6898927688598633,0.01251983642578125,-0.0006943515400053002,,,
1,2588672,79,nan,39245,65,739,44.12,0.93,0.7736799716949463,23.876876831054688,0.0005499401,0.952638700947226,0.000151757568,0.9904431664411367,312,-0.10054615256376565,0.9904431664411367,0.9756914544850588,0.12332288,0.4484722316265106,0.01308441162109375,-0.0006989494359004311,,,
,2621440,,,,,,,,0.7332999110221863,,0.0005690287,,0.000149857024,,316,-0.10006364504806697,,1.167441736906767,0.12233983999999999,0.5321813821792603,0.01030731201171875,-0.0006491059612017125,0.98,24.706125259399414,44.87
1,2621440,80,nan,39027,67,752,44.83,0.94,,24.16616439819336,,0.9321808510638298,,0.988031914893617,,,0.988031914893617,,,,,,,,
1,2654208,81,nan,39022,68,715,45.6,0.95,0.7095626592636108,24.2753963470459,0.00080119004,0.9552447552447553,0.00014795648,0.9916083916083916,320,-0.09786304668523371,0.9916083916083916,1.426923867315054,0.1213568,0.7598661780357361,0.01556396484375,-0.0005363494492485188,,,
1,2686976,82,nan,39041,68,728,46.26,0.98,0.7444343566894531,24.654735565185547,0.00066018425,0.9560439560439561,0.000146055936,0.9917582417582418,324,-0.09950714092701674,0.9917582417582418,1.0507672373205423,0.12037376,0.5441476106643677,0.01556396484375,-0.0007760366243019234,,,
1,2719744,83,nan,39087,69,722,45.55,0.97,0.7435308694839478,24.555442810058594,0.0005240935,0.9418282548476454,0.000144155392,0.9899584487534626,328,-0.09586431202478707,0.9899584487534626,1.04665482416749,0.11939072,0.5156235098838806,0.0135498046875,-0.0007512884403695352,,,
1,2752512,84,nan,39121,70,750,44.13,0.97,0.7447253465652466,24.496868133544922,0.0007061326,0.9626666666666667,0.000142254848,0.9930833333333333,332,-0.09736426267772913,0.9930833333333333,1.1555693745613098,0.11840768,0.5948081016540527,0.01811981201171875,-0.0006698062334180577,,,
1,2785280,85,nan,39150,71,735,45.29,0.96,0.7802476286888123,24.375699996948242,0.0005025676,0.9510204081632653,0.000140354304,0.9903061224489796,336,-0.10102156014181674,0.9903061224489796,0.8990147393196821,0.11742464000000001,0.40504929423332214,0.01134490966796875,-0.00045264164145919494,,,
1,2818048,86,nan,39223,71,737,44.88,0.96,0.7427250146865845,24.36611557006836,0.0005292434,0.9497964721845319,0.00013845376,0.9895691994572592,340,-0.09705221909098327,0.9895691994572592,1.1308166030794382,0.1164416,0.6043317317962646,0.0154876708984375,-0.0006304261914920062,,,
1,2850816,87,nan,39271,72,743,44.05,0.94,0.7255213260650635,24.12694549560547,0.00081540877,0.9542395693135935,0.00013655321599999998,0.9917563930013459,344,-0.09643598878756166,0.9917563930013459,1.2144042328000069,0.11545855999999999,0.5942784547805786,0.01956939697265625,-0.0007410106336465105,,,
1,2883584,88,nan,39297,73,726,44.64,0.92,0.7326253056526184,23.866357803344727,0.0005504894,0.9628099173553719,0.000134652672,0.9931129476584022,348,-0.09771453239955008,0.9931129476584022,1.1199029888957739,0.11447552,0.5270752906799316,0.0164031982421875,-0.0006441015939344652,,,
1,2916352,89,nan,39329,74,731,44.46,0.96,0.7594743967056274,24.446535110473633,0.00068522815,0.9589603283173734,0.00013275212799999998,0.9934165526675787,352,-0.09764477121643722,0.9934165526675787,0.949197094887495,0.11349247999999999,0.48033708333969116,0.0120086669921875,-0.00041846025123959407,,,
,2949120,,,,,,,,0.7499716281890869,,0.00036967298,,0.00013085158400000002,,356,-0.09481014753691852,,1.040336400270462,0.11250944,0.5358495712280273,0.009979248046875,-0.0006346237278194167,0.99,24.80560874938965,45.39
1,2949120,90,nan,39169,75,743,44.58,0.92,,23.786415100097656,,0.955585464333782,,0.9915881561238223,,,0.9915881561238223,,,,,,,,
1,2981888,91,nan,39220,76,707,44.48,0.97,0.7443951368331909,24.576515197753906,0.0006556638,0.9646393210749646,0.00012895104,0.9945190947666195,360,-0.09474519663490355,0.9945190947666195,1.130961587652564,0.1115264,0.6495391130447388,0.01650238037109375,-0.0004450093474588357,,,
1,3014656,92,nan,39246,76,753,42.82,0.93,0.7878233194351196,23.968175888061523,0.00034241145,0.949535192563081,0.00012705049600000002,0.9904548472775564,364,-0.0952615283895284,0.9904548472775564,0.8558545187115669,0.11054336000000001,0.3794010877609253,0.01007843017578125,-0.0005509649599844124,,,
1,3047424,93,nan,39240,77,751,45.39,0.94,0.7482902407646179,24.205604553222656,0.0006577399,0.9414114513981359,0.000125149952,0.990262982689747,368,-0.0988286177162081,0.990262982689747,1.1876793093979359,0.10956032,0.5086114406585693,0.01940155029296875,-0.0006281495407165494,,,
1,3080192,94,nan,39250,78,704,44.6,0.95,0.7349016666412354,24.326396942138672,0.00043579156,0.9389204545454546,0.000123249408,0.9900568181818182,372,-0.09605778753757477,0.9900568181818182,1.3334897458553314,0.10857727999999998,0.5838286876678467,0.01297760009765625,-0.0006467578859883361,,,
1,3112960,95,nan,39242,79,748,43.88,0.96,0.7575780749320984,24.437118530273438,0.00039179623,0.9665775401069518,0.00012134886400000001,0.9952372994652406,376,-0.09639852913096547,0.9952372994652406,1.1712645459920168,0.10759424,0.5747035145759583,0.013153076171875,-0.0006228608835954219,,,
1,3145728,96,nan,39220,80,747,44.69,0.91,0.7817904353141785,23.676305770874023,0.00037178543,0.9464524765729585,0.00011944832,0.9881191432396251,380,-0.09557876479811966,0.9881191432396251,0.884829556569457,0.10661119999999999,0.5025307536125183,0.01132965087890625,-0.000523274859006051,,,
1,3178496,97,nan,39258,80,722,44.43,0.94,0.7292328476905823,24.136564254760742,0.0006629145,0.9487534626038782,0.00011754777600000001,0.9903047091412742,384,-0.09307829709723592,0.9903047091412742,1.214821109548211,0.10562816,0.5926220417022705,0.016845703125,-0.0007243460386234801,,,
1,3211264,98,nan,39216,81,733,44.42,0.95,0.7481122016906738,24.256576538085938,0.00026733585,0.9536152796725784,0.000115647232,0.991899727148704,388,-0.09322520648129284,0.991899727148704,1.0980723183602095,0.10464512,0.5134760737419128,0.0101318359375,-0.00034555521779111587,,,
1,3244032,99,nan,39242,82,746,45.97,0.96,0.7552710771560669,24.425024032592773,0.00040951205,0.9584450402144772,0.00011374668800000001,0.9932975871313673,392,-0.09662310150451958,0.9932975871313673,1.0370201282203197,0.10366208,0.5670018196105957,0.0133819580078125,-0.0007064558812999167,,,
,3276800,,,,,,,,0.7700921297073364,,0.0004717249,,0.000111846144,,396,-0.09176658652722836,,0.9526467304676771,0.10267904,0.4465635418891907,0.014678955078125,-0.0006573560567630921,0.96,24.3669490814209,44.05
1,3276800,100,nan,39124,83,714,44.39,0.99,,24.83660888671875,,0.9607843137254902,,0.9937850140056023,,,0.9937850140056023,,,,,,,,
1,3309568,101,nan,39133,84,728,45.34,0.96,0.7889901399612427,24.39565658569336,0.00042948563,0.9629120879120879,0.00010994559999999998,0.9926167582417582,400,-0.0925888114143163,0.9926167582417582,0.8268537744879723,0.101696,0.41715654730796814,0.01329803466796875,-0.00039279862539842725,,,
1,3342336,102,nan,39158,85,756,44.39,0.97,0.7816469669342041,24.566604614257812,0.00050292903,0.9629629629629629,0.00010804505600000002,0.9945436507936508,404,-0.09300834126770496,0.9945436507936508,0.9044764246791601,0.10071296,0.4557645320892334,0.01679229736328125,-0.0005697455162589904,,,
1,3375104,103,nan,39167,86,728,46.05,0.97,0.7995027303695679,24.54494857788086,0.0005093388,0.9464285714285714,0.000106144512,0.9906421703296703,408,-0.09356698882766068,0.9906421703296703,0.8239750098437071,0.09972991999999999,0.3953699469566345,0.02092742919921875,-0.0003809973677562084,,,
1,3407872,104,nan,39192,86,735,43.85,0.91,0.7578698992729187,23.717147827148438,0.00045128982,0.9578231292517007,0.00010424396800000002,0.9919217687074829,412,-0.09058559127151966,0.9919217687074829,1.162942523136735,0.09874688,0.49617457389831543,0.0178985595703125,-0.00047889776033116505,,,
1,3440640,105,nan,39190,87,733,45.52,0.99,0.7487099170684814,24.775476455688477,0.00033664986,0.9713506139154161,0.000102343424,0.9953956343792633,416,-0.09310176386497915,0.9953956343792633,1.131937462836504,0.09776383999999999,0.5876204371452332,0.0113983154296875,-0.0006197339098434895,,,
1,3473408,106,nan,39207,88,742,44.96,0.98,0.808011531829834,24.706037521362305,0.0003278429,0.967654986522911,0.00010044288000000002,0.9953672506738545,420,-0.09087387146428227,0.9953672506738545,0.7149023916572332,0.0967808,0.34699857234954834,0.01025390625,-0.0004880950873484835,,,
1,3506176,107,nan,39223,89,741,44.74,0.97,0.8165248036384583,24.576257705688477,0.00044674153,0.951417004048583,9.8542336e-05,0.9914811066126855,424,-0.09064097586087883,0.9914811066126855,0.7105989269912243,0.09579776,0.40009480714797974,0.0180816650390625,-0.0003105770992988255,,,
1,3538944,108,nan,39261,90,735,44.69,0.97,0.7554475665092468,24.53630828857422,0.00032247393,0.9564625850340136,9.664179200000002e-05,0.9929421768707483,428,-0.09284500195644796,0.9929421768707483,1.1420255489647388,0.09481472,0.6198853254318237,0.0108795166015625,-0.00036085134706809185,,,
1,3571712,109,nan,39291,90,738,44.03,0.97,0.7863818407058716,24.476966857910156,0.0003686273,0.9634146341463414,9.4741248e-05,0.99170054200542,432,-0.09466681140474975,0.99170054200542,0.9372472520917654,0.09383168,0.4505917727947235,0.016632080078125,-0.00041644224256742746,,,
,3604480,,,,,,,,0.7724891901016235,,0.00027772208,,9.284070399999999e-05,,436,-0.09173943172208965,,0.9398776069283485,0.09284863999999998,0.4511299133300781,0.01239776611328125,-0.000533394944795873,1.0,24.956275939941406,44.72
1,3604480,110,nan,39183,91,746,45.49,0.98,,24.695507049560547,,0.9504021447721179,,0.9903652815013405,,,0.9903652815013405,,,,,,,,
1,3637248,111,nan,39184,92,732,44.39,0.96,0.7565281391143799,24.386606216430664,0.00049363484,0.9603825136612022,9.094016e-05,0.9925717213114754,440,-0.09343050932511687,0.9925717213114754,1.1104157660156488,0.09186559999999999,0.5200397372245789,0.015228271484375,-0.0006832598955952562,,,
1,3670016,112,nan,39188,93,737,44.59,0.97,0.7695361375808716,24.546405792236328,0.00020086131,0.9687924016282226,8.903961599999999e-05,0.9933853459972863,444,-0.08902443246915936,0.9933853459972863,0.9954775273799896,0.09088255999999999,0.4814152419567108,0.011505126953125,-0.00042300170025555417,,,
1,3702784,113,nan,39187,94,729,45.52,1.0,0.7908077239990234,24.955476760864258,0.00026097556,0.9766803840877915,8.713907200000003e-05,0.9973422496570644,448,-0.09127632109448314,0.9973422496570644,0.8599303103983402,0.08989952,0.4950449466705322,0.0125274658203125,-0.0006495839697890915,,,
1,3735552,114,nan,39179,95,753,42.5,0.95,0.8538411855697632,24.318492889404297,0.00022174268,0.9575033200531209,8.523852800000002e-05,0.9933598937583001,452,-0.0903392902109772,0.9933598937583001,0.5130075197666883,0.08891647999999999,0.2703493535518646,0.0124359130859375,-0.0006201749311003368,,,
1,3768320,115,nan,39184,96,728,44.83,0.95,0.7792328596115112,24.29616928100586,0.0003029649,0.9642857142857143,8.333798400000003e-05,0.9949347527472527,456,-0.09211493143811822,0.9949347527472527,1.0008271671831608,0.08793344,0.49019402265548706,0.01314544677734375,-0.00048353817328461446,,,
1,3801088,116,nan,39192,96,736,44.85,0.97,0.7954634428024292,24.526147842407227,0.00034873874,0.9578804347826086,8.143744000000002e-05,0.9911684782608695,460,-0.0895010617095977,0.9911684782608695,0.8342164289206266,0.0869504,0.448712557554245,0.01665496826171875,-0.0004314514226280153,,,
1,3833856,117,nan,39197,97,749,45.1,0.98,0.7840235233306885,24.655895233154297,0.00024923187,0.9532710280373832,7.9536896e-05,0.9920727636849133,464,-0.08982914546504617,0.9920727636849133,0.9555329531431198,0.08596735999999999,0.37545138597488403,0.01358795166015625,-0.000544461563549703,,,
1,3866624,118,nan,39194,98,740,44.45,0.94,0.7652707099914551,24.146543502807617,0.00025301622,0.9608108108108108,7.763635200000002e-05,0.9929054054054054,468,-0.09043678431771696,0.9929054054054054,1.0677324440330267,0.08498432,0.6311157941818237,0.01242828369140625,-0.0004093183197255712,,,
1,3899392,119,nan,39181,99,714,43.94,0.98,0.7735251188278198,24.64706039428711,0.0001842986,0.9803921568627451,7.5735808e-05,0.9955357142857143,472,-0.08713994733989239,0.9955357142857143,0.9966889228671789,0.08400127999999998,0.4764511287212372,0.01226043701171875,-0.0005055713663750794,,,
,3932160,,,,,,,,0.8248453140258789,,0.0002837478,,7.383526400000002e-05,,476,-0.08946577785536647,,0.6255822833627462,0.08301824,0.34811779856681824,0.014556884765625,-0.0005262020931695588,0.96,24.426555633544922,44.44
1,3932160,120,nan,39049,100,768,44.77,0.96,,24.3862247467041,,0.9635416666666666,,0.994384765625,,,0.994384765625,,,,,,,,
1,3964928,121,nan,39059,101,726,43.6,0.94,0.797141432762146,24.147397994995117,0.00023903284,0.953168044077135,7.193472e-05,0.9932851239669421,480,-0.086957000894472,0.9932851239669421,0.8790870308876038,0.08203519999999999,0.384933739900589,0.011474609375,-0.00035027543526666705,,,
1,3997696,122,nan,39064,102,715,44.91,0.97,0.7795209288597107,24.516084671020508,0.00016512309,0.9664335664335665,7.003417600000002e-05,0.9951923076923077,484,-0.08538872515782714,0.9951923076923077,1.0314853955060244,0.08105216,0.41903871297836304,0.0129852294921875,-0.00040250723031931557,,,
1,4030464,123,nan,39062,103,772,44.92,0.98,0.8107121586799622,24.696073532104492,0.00034915033,0.961139896373057,6.8133632e-05,0.9924708549222798,488,-0.08743803016841412,0.9924708549222798,0.7699502725154161,0.08006912,0.4287607967853546,0.01421356201171875,-0.0005227507717791013,,,
1,4063232,124,nan,39072,103,738,44.0,0.97,0.7913629412651062,24.51699447631836,0.0001644981,0.967479674796748,6.623308799999999e-05,0.9946646341463414,492,-0.08638677536509931,0.9946646341463414,0.9224688038229942,0.07908607999999999,0.5218283534049988,0.00827789306640625,-0.00030062313089729287,,,
1,4096000,125,nan,39102,104,708,44.23,0.94,0.8081355094909668,24.09676742553711,0.00019431784,0.9491525423728814,6.433254400000003e-05,0.9914371468926554,496,-0.08639840106479824,0.9914371468926554,0.7940655797719955,0.07810304,0.4301981031894684,0.01284027099609375,-0.0005941016097494867,,,
1,4128768,126,nan,39121,105,750,44.3,0.98,0.7763051390647888,24.716697692871094,0.00024315878,0.9706666666666667,6.243200000000001e-05,0.9945,500,-0.08685621037147939,0.9945,1.0497660990804434,0.07711999999999998,0.49223312735557556,0.01074981689453125,-0.0004424595790624153,,,
1,4161536,127,nan,39119,106,742,43.97,0.95,0.8256686925888062,24.26702308654785,0.0002099068,0.9528301886792453,6.053145600000003e-05,0.9925033692722371,504,-0.08771754521876574,0.9925033692722371,0.6905563864856958,0.07613695999999999,0.3177962005138397,0.0131988525390625,-0.0004259008746885229,,,
1,4194304,128,nan,39133,107,746,43.29,0.94,0.7752255201339722,24.077707290649414,0.00015494983,0.9571045576407506,5.8630912000000014e-05,0.9922084450402144,508,-0.08773397980257869,0.9922084450402144,1.0614630840718746,0.07515391999999999,0.5275559425354004,0.00860595703125,-0.00036627303052227944,,,
1,4227072,129,nan,39160,107,736,43.83,0.97,0.7742370367050171,24.577165603637695,0.000133924,0.9619565217391305,5.673036800000003e-05,0.9939707880434783,512,-0.08472625422291458,0.9939707880434783,1.00344717502594,0.07417088,0.47702187299728394,0.00972747802734375,-0.00047476670806645416,,,
,4259840,,,,,,,,0.8004659414291382,,0.00011858618,,5.4829824000000014e-05,,516,-0.08704666048288345,,0.8905277755111456,0.07318784,0.49871379137039185,0.00640106201171875,-0.0003392980797798373,0.99,24.81784439086914,43.15
1,4259840,130,nan,39097,108,755,43.08,0.93,,23.927919387817383,,0.952317880794702,,0.9916390728476822,,,0.9916390728476822,,,,,,,,
1,4292608,131,nan,39127,109,745,43.73,0.98,0.7752794623374939,24.63726806640625,0.00020345757,0.9664429530201343,5.292928000000003e-05,0.9938758389261745,520,-0.08734118775464594,0.9938758389261745,1.0497684944421053,0.07220480000000001,0.4887799024581909,0.01126861572265625,-0.0003922373762179632,,,
1,4325376,132,nan,39159,110,721,45.84,0.96,0.8013467192649841,24.475156784057617,0.00017510875,0.970873786407767,5.102873600000004e-05,0.9960991678224688,524,-0.08456056495197117,0.9960991678224688,0.8228367511183023,0.07122176,0.4499630331993103,0.01317596435546875,-0.0004235644701111596,,,
1,4358144,133,nan,39163,111,746,43.49,0.99,0.8266478776931763,24.797508239746094,0.00013824723,0.9731903485254692,4.9128192e-05,0.994554289544236,528,-0.08664084691554308,0.994554289544236,0.7124971430748701,0.07023871999999998,0.40556827187538147,0.00896453857421875,-0.0004021097702207044,,,
1,4390912,134,nan,39177,112,736,44.84,0.97,0.8171587586402893,24.486154556274414,0.00012713717,0.9551630434782609,4.722764800000001e-05,0.9909986413043478,532,-0.08479345985688269,0.9909986413043478,0.7355758361518383,0.06925567999999999,0.3037278652191162,0.008056640625,-0.00036485348391579464,,,
1,4423680,135,nan,39191,112,742,43.69,0.97,0.774696946144104,24.527305603027344,0.00013943716,0.9528301886792453,4.5327104000000026e-05,0.9921664420485176,536,-0.08631378645077348,0.9921664420485176,1.0214717760682106,0.06827264,0.5812992453575134,0.0135345458984375,-0.00036010457552038133,,,
1,4456448,136,nan,39201,113,758,44.13,0.96,0.7922547459602356,24.396865844726562,9.440096e-05,0.9432717678100264,4.342656000000004e-05,0.989858179419525,540,-0.08738706354051828,0.989858179419525,1.0052965749055147,0.0672896,0.5459123849868774,0.00730133056640625,-0.00030428704485530034,,,
1,4489216,137,nan,39217,114,737,44.1,0.98,0.7585616111755371,24.706893920898438,0.000113833026,0.9728629579375848,4.1526016e-05,0.9959294436906377,544,-0.08705133385956287,0.9959294436906377,1.2298406027257442,0.06630655999999999,0.57362961769104,0.00928497314453125,-0.00034070550464093685,,,
1,4521984,138,nan,39233,115,753,44.12,0.97,0.8257416486740112,24.576875686645508,0.00010159754,0.9694555112881806,3.962547200000001e-05,0.9941899070385126,548,-0.08629492996260524,0.9941899070385126,0.6832148637622595,0.06532352,0.2999127507209778,0.01055908203125,-0.0002953886541945394,,,
1,4554752,139,nan,39267,115,730,44.49,0.97,0.7986432909965515,24.566505432128906,9.886212e-05,0.9726027397260274,3.7724928000000026e-05,0.9951198630136986,552,-0.08303820574656129,0.9951198630136986,0.8147206958383322,0.06434047999999998,0.37196245789527893,0.00693511962890625,-0.00040472092223353684,,,
,4587520,,,,,,,,0.8249049186706543,,9.510503e-05,,3.5824383999999985e-05,,556,-0.08617977937683463,,0.6667054565623403,0.06335743999999999,0.37904515862464905,0.0082550048828125,-0.00029413220181595534,0.98,24.677026748657227,43.97
1,4587520,140,nan,39191,117,732,43.73,0.96,,24.347267150878906,,0.9590163934426229,,0.9923155737704918,,,0.9923155737704918,,,,,,,,
1,4620288,141,nan,39207,117,756,43.17,0.94,0.781933069229126,24.05782699584961,8.609054e-05,0.9497354497354498,3.392384000000005e-05,0.9903273809523809,560,-0.08543852623552084,0.9903273809523809,0.9521394781768322,0.062374399999999997,0.5614506006240845,0.00676727294921875,-0.00031143002706812695,,,
1,4653056,142,nan,39218,118,751,43.98,0.97,0.7643970251083374,24.537015914916992,8.333299e-05,0.9507323568575233,3.202329600000001e-05,0.9908455392809588,564,-0.08773706178180873,0.9908455392809588,1.117362204939127,0.06139135999999998,0.49370795488357544,0.00814056396484375,-0.00044513238390209153,,,
1,4685824,143,nan,39235,119,746,43.81,0.95,0.7890009880065918,24.24718475341797,8.585281e-05,0.9611260053619303,3.0122752000000025e-05,0.9913706434316354,568,-0.08542288723401725,0.9913706434316354,1.0006706919521093,0.06040831999999999,0.5034855008125305,0.00930023193359375,-0.0003126342089672107,,,
1,4718592,144,nan,39272,120,757,42.15,0.95,0.7704756855964661,24.238845825195312,7.9672216e-05,0.9603698811096433,2.8222208000000038e-05,0.9909180977542933,572,-0.08411780139431357,0.9909180977542933,0.9941814709454775,0.05942528,0.5257816910743713,0.0093231201171875,-0.00035446168476482853,,,
1,4751360,145,nan,39266,121,714,45.04,0.98,0.7688629627227783,24.675952911376953,6.166047e-05,0.9705882352941176,2.632166400000005e-05,0.9943977591036415,576,-0.0873480646405369,0.9943977591036415,1.0563212856650352,0.058442240000000006,0.48380956053733826,0.00748443603515625,-0.0003741143154911697,,,
1,4784128,146,nan,39261,121,762,44.97,0.95,0.8150932788848877,24.296022415161133,8.952121e-05,0.9606299212598425,2.442112000000001e-05,0.9934383202099738,580,-0.08581370068714023,0.9934383202099738,0.7413019258528948,0.05745919999999999,0.32622483372688293,0.00734710693359375,-0.00030218384927138686,,,
1,4816896,147,nan,39276,122,735,44.23,0.97,0.792771577835083,24.546764373779297,6.809177e-05,0.9619047619047619,2.2520576000000024e-05,0.9939625850340136,584,-0.08702496020123363,0.9939625850340136,0.9087556786835194,0.05647615999999997,0.47880101203918457,0.00548553466796875,-0.00026433773018652573,,,
1,4849664,148,nan,39277,123,718,46.12,0.99,0.8093739151954651,24.81487464904785,7.1851806e-05,0.9763231197771588,2.0620032000000037e-05,0.9948642061281338,588,-0.08730988088063896,0.9948642061281338,0.8042859937995672,0.05549311999999998,0.43115827441215515,0.00632476806640625,-0.00027016412786906585,,,
1,4882432,149,nan,39265,124,750,43.85,0.97,0.8237682580947876,24.537147521972656,4.7766145e-05,0.964,1.8719487999999996e-05,0.9935833333333334,592,-0.08428579289466143,0.9935833333333334,0.6529107159003615,0.05451007999999999,0.32150349020957947,0.00444793701171875,-0.00023174633679445833,,,
,4915200,,,,,,,,0.8117440938949585,,6.554214e-05,,1.681894400000001e-05,,596,-0.08787844213657081,,0.7762432135641575,0.05352704,0.36670833826065063,0.01013946533203125,-0.00036266415918362327,0.95,24.197998046875,43.0
1,4915200,150,nan,39182,125,742,44.33,0.99,,24.8266658782959,,0.9528301886792453,,0.992756064690027,,,0.992756064690027,,,,,,,,
1,4947968,151,nan,39183,126,738,42.88,0.97,0.7939244508743286,24.50811767578125,5.1278883e-05,0.9701897018970189,1.4918400000000023e-05,0.9948340108401084,600,-0.08555021020583808,0.9948340108401084,0.9172013346105814,0.05254399999999998,0.5622609853744507,0.00543975830078125,-0.0003217315606889315,,,
1,4980736,152,nan,39199,127,746,43.5,0.98,0.8144833445549011,24.637496948242188,3.1968582e-05,0.967828418230563,1.3017856000000036e-05,0.9931300268096515,604,-0.08366251061670482,0.9931300268096515,0.7672399636358023,0.05156095999999999,0.362095445394516,0.00446319580078125,-0.00015920391160761937,,,
1,5013504,153,nan,39204,127,741,44.07,0.95,0.7953910827636719,24.206926345825195,4.2201602e-05,0.970310391363023,1.111731200000005e-05,0.9939271255060729,608,-0.08445815229788423,0.9939271255060729,0.8291626628488302,0.05057792,0.3690423369407654,0.00399017333984375,-0.00019448167586233467,,,
