curriculum/frontier,time/fps,rollout/episodes,curriculum/success_rate,time/iterations,time/time_elapsed,time/total_timesteps,train/clip_range,train/approx_kl,rollout/ep_len_mean,train/learning_rate,rollout/fill_mean,rollout/success_rate,train/loss,train/value_loss,rollout/win_rate_true_start,train/explained_variance,train/clip_fraction,train/policy_gradient_loss,rollout/ep_rew_mean,train/n_updates,rollout/fill_mean_true_start,train/entropy_loss,eval/mean_ep_length,eval/mean_reward,eval/success_rate
15,40835,0,nan,1,0,32768,,,,,,,,,,,,,,,,,,,
15,32735,37,nan,2,2,65536,0.19901696,0.004750251,46.16216216216216,0.000298099456,0.785472972972973,0.24324324324324326,0.23298749327659607,0.5981473941355944,0.1,-0.03566265106201172,0.01049041748046875,-0.008514858505805023,10.846728324890137,4,0.7416666666666667,-1.2298590205609798,,,
14,33441,658,0.6259259259259259,3,2,98304,0.19803392,0.0077278987,44.76,0.000296198912,0.8446998480243161,0.44,0.44543904066085815,1.1351983733475208,0.19746835443037974,0.005530655384063721,0.03507232666015625,-0.013488804281223565,10.526240348815918,8,0.7844936708860759,-1.027474943548441,,,
13,33753,1302,0.4662420382165605,4,3,131072,0.19705088,0.006425107,41.97,0.00029429836799999996,0.8939612135176651,0.43,2.4176228046417236,5.344203308224678,0.32495164410058025,-0.013943910598754883,0.02771759033203125,-0.007185822687461041,10.369029998779297,12,0.8685928433268859,-0.7949616350233555,,,
12,34086,1182,0.44537815126050423,5,4,163840,0.19606784000000002,0.0041440134,31.29,0.00029239782399999997,0.8974725042301185,0.38,4.764406681060791,10.14949044585228,0.2782608695652174,0.02929288148880005,0.015289306640625,-0.004787185072927969,9.609709739685059,16,0.8589673913043478,-0.7133567556738853,,,
11,34367,1172,0.4579976985040276,6,5,196608,0.1950848,0.004653049,31.99,0.00029049728,0.8963310580204779,0.42,4.790538787841797,9.92778018116951,0.31353135313531355,-0.01038515567779541,0.02187347412109375,-0.005026317659940105,11.359009742736816,20,0.8727310231023102,-0.706233462318778,,,
10,34579,1146,0.40022935779816515,7,6,229376,0.19410176,0.0042206077,27.86,0.000288596736,0.8908158813263525,0.41,5.003838539123535,10.27004787325859,0.35036496350364965,-0.010501384735107422,0.02124786376953125,-0.004181688775133807,11.8431396484375,24,0.874771897810219,-0.6552992444485426,,,
9,34765,1141,0.42565266742338254,8,7,262144,0.19311872000000002,0.0045355223,28.64,0.00028669619199999996,0.8981156879929886,0.4,4.893997669219971,10.370010316371918,0.40384615384615385,0.01669985055923462,0.02313995361328125,-0.0035427093898761086,12.242358207702637,28,0.8860576923076923,-0.6243359632790089,,,
8,34935,1088,0.4277251184834123,9,8,294912,0.19213568000000003,0.002795279,30.41,0.00028479564799999997,0.9001608455882353,0.37,5.056352615356445,10.229094356298447,0.4057377049180328,0.1067308783531189,0.01430511474609375,-0.0026722827315097675,13.010589599609375,32,0.8957479508196722,-0.5902904719114304,,,
,,,,,,327680,0.19115264,0.0034225993,,0.000282895104,,,5.012488842010498,10.033269047737122,,0.1697007417678833,0.0174713134765625,-0.0026198487175861374,,36,,-0.5709617789834738,28.8,17.51219940185547,0.46
7,33820,1003,0.4502840909090909,10,9,327680,,,32.69,,0.903227816550349,0.49,,,0.4080267558528428,,,,15.428308486938477,,0.8954849498327759,,,,
6,34027,1011,0.4971671388101983,11,10,360448,0.1901696,0.0031329687,31.72,0.00028099455999999994,0.9108555885262116,0.5,4.625879287719727,9.286475449800491,0.4852459016393443,0.2208179235458374,0.01647186279296875,-0.0024772784163360484,15.379281044006348,40,0.9055327868852459,-0.5504618920385838,,,
5,34261,1005,0.49572649572649574,12,11,393216,0.18918656,0.003141,33.11,0.00027909401599999996,0.9135572139303483,0.55,4.591592311859131,9.19486591219902,0.4521452145214521,0.2153143286705017,0.01847076416015625,-0.002172689222788904,16.69788932800293,44,0.9073844884488449,-0.5278191398829222,,,
4,34556,964,0.5256410256410257,13,12,425984,0.18820352,0.0035039047,33.89,0.00027719347199999997,0.9214859958506224,0.54,4.741119384765625,9.199304282665253,0.5029411764705882,0.25293099880218506,0.02178955078125,-0.0022035954316379502,17.1671085357666,48,0.9174632352941177,-0.5103214997798204,,,
3,34768,944,0.4878048780487805,14,13,458752,0.18722048000000002,0.0020532028,34.57,0.000275292928,0.912936970338983,0.46,4.060698986053467,8.670805990695953,0.46756756756756757,0.26849788427352905,0.0145263671875,-0.0013057003743597306,16.226428985595703,52,0.9081081081081082,-0.49311004765331745,,,
2,35018,950,0.4972375690607735,15,14,491520,0.18623744,0.003459481,34.93,0.000273392384,0.9151973684210526,0.52,4.36047887802124,8.78796049952507,0.48157248157248156,0.3091415762901306,0.02899169921875,-0.001983970694709569,17.41606903076172,56,0.9123157248157249,-0.4876255113631487,,,
1,35097,896,0.5632911392405063,16,14,524288,0.1852544,0.0048933793,36.9,0.00027149184,0.9317103794642857,0.62,4.3903303146362305,8.611463874578476,0.566350710900474,0.33313268423080444,0.037353515625,-0.002205396824138006,18.9540958404541,60,0.933797393364929,-0.48402186296880245,,,
1,35406,865,0.5797101449275363,17,15,557056,0.18427136,0.0041042566,37.88,0.00026959129599999997,0.9277456647398844,0.64,3.923833131790161,8.039362072944641,0.5461538461538461,0.321835458278656,0.0270843505859375,-0.0009406483404745813,19.833114624023438,64,0.9224759615384616,-0.46362132485955954,,,
1,35761,837,0.6215139442231076,18,16,589824,0.18328832,0.0038616066,38.07,0.000267690752,0.9369772998805257,0.64,3.9857542514801025,7.9374444633722305,0.589058524173028,0.34661608934402466,0.029449462890625,-0.0018342749353905674,20.08292579650879,68,0.9353530534351145,-0.45580064970999956,,,
1,36051,880,0.625,19,17,622592,0.18230528000000001,0.0020044898,37.73,0.000265790208,0.9390625,0.57,3.6665098667144775,7.097921475768089,0.5772727272727273,0.34213632345199585,0.0147857666015625,-0.0011362289660610259,19.163267135620117,72,0.9390625,-0.4438144136220217,,,
,,,,,,655360,0.18132224,0.0035367294,,0.00026388966399999996,,,3.854567050933838,7.546972021460533,,0.3599807024002075,0.030181884765625,-0.001505969194113277,,76,,-0.42861306481063366,34.45,20.516525268554688,0.66
1,35376,887,0.625,20,18,655360,,,38.83,,0.9378523111612176,0.64,,,0.5918827508455468,,,,20.16216468811035,,0.9378523111612176,,,,
1,35572,850,0.625,21,19,688128,0.1803392,0.0021784506,37.73,0.00026198911999999997,0.9407352941176471,0.62,3.875974655151367,7.747165247797966,0.6152941176470588,0.3730308413505554,0.01869964599609375,-0.0015288790891645476,19.833267211914062,80,0.9407352941176471,-0.4168389942497015,,,
1,35688,870,0.625,22,20,720896,0.17935616000000001,0.0033431405,37.89,0.000260088576,0.9415948275862069,0.63,3.6504602432250977,7.14520438015461,0.6229885057471264,0.37708431482315063,0.02787017822265625,-0.001805277745006606,19.963106155395508,84,0.9415948275862069,-0.408261782489717,,,
1,35764,877,0.625,23,21,753664,0.17837312000000002,0.0022174572,37.87,0.000258188032,0.93942417331813,0.58,3.576488494873047,7.187735885381699,0.6168757126567845,0.37308889627456665,0.01624298095703125,-0.0012740503952954896,19.313129425048828,88,0.93942417331813,-0.4021276030689478,,,
1,35765,876,0.625,24,21,786432,0.17739008,0.0031824878,36.58,0.000256287488,0.9439212328767124,0.56,3.7696521282196045,7.410144492983818,0.6210045662100456,0.36797595024108887,0.03630828857421875,-0.0016429891329607926,18.954416275024414,92,0.9439212328767124,-0.39241121243685484,,,
1,35854,883,0.625,25,22,819200,0.17640704000000001,0.0032870094,37.85,0.00025438694399999997,0.9503822197055493,0.71,3.6930174827575684,7.293137729167938,0.6534541336353341,0.38120216131210327,0.03725433349609375,-0.0010838055022759363,20.903148651123047,96,0.9503822197055493,-0.3856372255831957,,,
1,35903,852,0.625,26,23,851968,0.17542400000000002,0.0022912135,37.44,0.0002524864,0.9453491784037559,0.61,3.556640863418579,7.017084613442421,0.6314553990610329,0.3768851161003113,0.022247314453125,-0.0011751732345146593,19.773557662963867,100,0.9453491784037559,-0.37703671492636204,,,
1,35908,856,0.625,27,24,884736,0.17444096,0.003058309,37.67,0.000250585856,0.9460426401869159,0.67,3.4037179946899414,7.082314342260361,0.6530373831775701,0.39045989513397217,0.03534698486328125,-0.0014834438079560641,20.483325958251953,104,0.9460426401869159,-0.3669155929237604,,,
1,35942,890,0.625,28,25,917504,0.17345792000000002,0.002788762,37.59,0.000248685312,0.9468398876404495,0.59,3.6480703353881836,6.804348677396774,0.6528089887640449,0.396056592464447,0.02297210693359375,-0.0013186487121856771,19.413406372070312,108,0.9468398876404495,-0.36547610349953175,,,
1,36000,841,0.625,29,26,950272,0.17247488,0.002132696,39.25,0.00024678476799999997,0.9545927467300832,0.78,3.739037036895752,7.04961821436882,0.6884661117717004,0.38692641258239746,0.02593231201171875,-0.0012183051767351571,21.97174835205078,112,0.9545927467300832,-0.35807891096919775,,,
,,,,,,983040,0.17149184,0.0018268267,,0.000244884224,,,3.2453505992889404,6.288135275244713,,0.37898993492126465,0.01581573486328125,-0.0011411657906137407,,116,,-0.35202790331095457,40.74,19.640138626098633,0.64
1,35386,882,0.625,30,27,983040,,,38.44,,0.9570578231292517,0.76,,,0.691609977324263,,,,21.852558135986328,,0.9570578231292517,,,,
1,35480,855,0.625,31,28,1015808,0.17050880000000002,0.0032426773,37.6,0.00024298368,0.9573099415204679,0.7,3.076321840286255,6.399602547287941,0.695906432748538,0.38240212202072144,0.033966064453125,-0.001094646680940059,20.97339630126953,120,0.9573099415204679,-0.34794980846345425,,,
1,35547,865,0.625,32,29,1048576,0.16952576,0.0023375559,37.01,0.00024108313599999995,0.9489161849710983,0.68,3.344526529312134,6.396969527006149,0.6497109826589595,0.39041996002197266,0.02671051025390625,-0.0013287449364725035,20.713987350463867,124,0.9489161849710983,-0.3396547641605139,,,
1,35581,849,0.625,33,30,1081344,0.16854272,0.00292542,36.79,0.000239182592,0.9575235571260307,0.72,3.4283065795898438,6.936628311872482,0.7102473498233216,0.4016268253326416,0.02983856201171875,-0.0015952445755829103,21.274206161499023,128,0.9575235571260307,-0.3370385142043233,,,
1,35613,859,0.625,34,31,1114112,0.16755968,0.002983457,38.82,0.00023728204799999998,0.9554714784633295,0.72,2.9922142028808594,6.094894394278526,0.6984866123399301,0.406946063041687,0.03448486328125,-0.0012253756140125915,21.252178192138672,132,0.9554714784633295,-0.330059383995831,,,
1,35621,832,0.625,35,32,1146880,0.16657664,0.0025882497,37.89,0.000235381504,0.9599609375,0.71,3.0102133750915527,6.329604372382164,0.7295673076923077,0.3951624631881714,0.0310821533203125,-0.0013105106190778315,20.99310302734375,136,0.9599609375,-0.32541200146079063,,,
1,35650,868,0.625,36,33,1179648,0.1655936,0.001985289,37.84,0.00023348095999999998,0.9608294930875576,0.7,2.8631796836853027,5.734191179275513,0.728110599078341,0.3934389352798462,0.02495574951171875,-0.0008458736556349322,20.913156509399414,140,0.9608294930875576,-0.3174953255802393,,,
1,35710,854,0.625,37,33,1212416,0.16461056000000002,0.003097801,38.81,0.000231580416,0.9637002341920374,0.75,2.801557779312134,5.891773298382759,0.7435597189695551,0.4059719443321228,0.042724609375,-0.00016365851115551777,21.732187271118164,144,0.9637002341920374,-0.3113042898476124,,,
1,35757,857,0.625,38,34,1245184,0.16362752,0.0029685237,38.41,0.00022967987199999998,0.9569719953325554,0.71,2.6556172370910645,5.553921729326248,0.6884480746791132,0.4324376583099365,0.0349884033203125,-0.0016084486815088894,21.192584991455078,148,0.9569719953325554,-0.3045945381745696,,,
1,35796,868,0.625,39,35,1277952,0.16264447999999998,0.001982119,38.11,0.00022777932799999997,0.9612615207373272,0.73,3.1242473125457764,6.309637486934662,0.728110599078341,0.4382251501083374,0.022216796875,-0.0014388744566531386,21.382884979248047,152,0.9612615207373272,-0.3046691957861185,,,
,,,,,,1310720,0.16166144,0.0024507656,,0.000225878784,,,2.9369027614593506,5.899207502603531,,0.429157555103302,0.02626800537109375,-0.0016370737757824827,,156,,-0.29960912745445967,40.55,20.380367279052734,0.67
1,35412,874,0.625,40,37,1310720,,,38.15,,0.9674628146453089,0.76,,,0.7608695652173914,,,,21.76284408569336,,0.9674628146453089,,,,
1,35494,909,0.625,41,37,1343488,0.1606784,0.001797559,37.79,0.00022397824000000002,0.9608085808580858,0.77,2.739744186401367,5.324115723371506,0.7293729372937293,0.43491190671920776,0.01861572265625,-0.0011094282963313162,21.75320816040039,160,0.9608085808580858,-0.2954823235049844,,,
1,35556,868,0.625,42,38,1376256,0.15969536,0.0021316363,37.02,0.00022207769599999998,0.9671658986175116,0.71,3.1989173889160156,6.390059769153595,0.7511520737327189,0.4228060245513916,0.02613067626953125,-0.0012708057984127663,21.19397735595703,164,0.9671658986175116,-0.29305122699588537,,,
1,35604,879,0.625,43,39,1409024,0.15871232000000002,0.002063867,37.49,0.000220177152,0.9707764505119454,0.83,2.9556312561035156,5.702864155173302,0.7747440273037542,0.4293663501739502,0.0242767333984375,-0.0010079077037516981,22.743507385253906,168,0.9707764505119454,-0.2862909287214279,,,
1,35590,892,0.625,44,40,1441792,0.15772928,0.0026006144,36.0,0.000218276608,0.9669983183856502,0.78,2.6124165058135986,5.28490149974823,0.7612107623318386,0.44694364070892334,0.02727508544921875,-0.0006725344574078918,22.034996032714844,172,0.9669983183856502,-0.2817775337025523,,,
1,35622,897,0.625,45,41,1474560,0.15674624,0.001381835,36.83,0.00021637606399999996,0.9613294314381271,0.77,2.7361888885498047,5.576703190803528,0.7413600891861761,0.45152539014816284,0.021240234375,-0.0008080727166088764,22.034164428710938,176,0.9613294314381271,-0.28318206034600735,,,
1,35616,899,0.625,46,42,1507328,0.1557632,0.002199849,34.58,0.00021447551999999998,0.9682981090100111,0.76,2.9045090675354004,6.007960483431816,0.764182424916574,0.44450265169143677,0.03130340576171875,-0.0009322770638391376,21.706418991088867,180,0.9682981090100111,-0.27601377107203007,,,
1,35633,872,0.625,47,43,1540096,0.15478016,0.0034078436,36.8,0.000212574976,0.9635894495412844,0.8,2.823000192642212,5.4508001655340195,0.7305045871559633,0.4653090238571167,0.0402069091796875,-0.0006757820556231309,22.414194107055664,184,0.9635894495412844,-0.27690012473613024,,,
1,35656,917,0.625,48,44,1572864,0.15379712,0.0032686235,36.68,0.000210674432,0.9679661941112323,0.74,2.8373677730560303,5.675270602107048,0.7600872410032715,0.4684877395629883,0.047271728515625,0.00011761375208152458,21.444318771362305,188,0.9679661941112323,-0.27573428861796856,,,
1,35710,917,0.625,49,44,1605632,0.15281408000000002,0.0017955631,35.72,0.000208773888,0.9719874591057798,0.79,2.7069528102874756,5.682976558804512,0.7840785169029444,0.46267586946487427,0.0283966064453125,-0.0011190601217094809,22.265274047851562,192,0.9719874591057798,-0.2718145214021206,,,
,,,,,,1638400,0.15183104,0.001650821,,0.00020687334399999998,,,2.5328879356384277,5.183971747756004,,0.46251851320266724,0.01738739013671875,-0.0007974089676281437,,196,,-0.2642289539799094,36.89,22.664064407348633,0.84
1,35359,874,0.625,50,46,1638400,,,36.09,,0.9704662471395881,0.82,,,0.7871853546910755,,,,22.494905471801758,,0.9704662471395881,,,,
1,35384,882,0.625,51,47,1671168,0.150848,0.0017954437,36.36,0.0002049728,0.9720096371882087,0.79,2.3254895210266113,4.914928540587425,0.7845804988662132,0.4694276452064514,0.02127838134765625,-0.0012706821762549225,22.18463706970215,200,0.9720096371882087,-0.267956149764359,,,
1,35419,905,0.625,52,48,1703936,0.14986496,0.0015969131,36.67,0.000203072256,0.9687154696132597,0.76,2.600628137588501,5.149078503251076,0.7745856353591161,0.4801355004310608,0.023406982421875,-0.0012957359540450852,21.914329528808594,204,0.9687154696132597,-0.2640832345932722,,,
1,35455,907,0.625,53,48,1736704,0.14888192,0.002248146,35.98,0.00020117171199999996,0.9719542447629548,0.83,2.605562925338745,5.3678919821977615,0.7761852260198456,0.4858549237251282,0.0353851318359375,-0.0011103518918389454,22.755016326904297,208,0.9719542447629548,-0.26565762888640165,,,
1,35507,909,0.625,54,49,1769472,0.14789888,0.0020690737,37.19,0.00019927116799999998,0.9734598459845984,0.79,2.691356897354126,5.247148513793945,0.7898789878987899,0.496168851852417,0.029876708984375,-0.0010595689200272318,22.34380531311035,212,0.9734598459845984,-0.2574728913605213,,,
1,35541,922,0.625,55,50,1802240,0.14691584000000002,0.0022141978,36.15,0.000197370624,0.9724783080260304,0.79,2.4605062007904053,5.105778813362122,0.7809110629067245,0.4939059615135193,0.04151153564453125,-9.672453597886488e-05,22.144847869873047,216,0.9724783080260304,-0.2565292804501951,,,
1,35563,903,0.625,56,51,1835008,0.1459328,0.0023642285,35.64,0.00019547008,0.9727297895902547,0.76,2.383445978164673,5.144579082727432,0.8028792912513842,0.4912916421890259,0.0328826904296875,-0.0010303802046109922,21.925355911254883,220,0.9727297895902547,-0.2534005418419838,,,
1,35598,904,0.625,57,52,1867776,0.14494975999999998,0.0020775339,36.5,0.00019356953599999996,0.9695796460176991,0.83,2.1932733058929443,4.8206997364759445,0.7721238938053098,0.48470747470855713,0.0268707275390625,-0.00023647036141483113,22.774494171142578,224,0.9695796460176991,-0.2553458996117115,,,
1,35627,902,0.625,58,53,1900544,0.14396672,0.0022651898,37.3,0.000191668992,0.9760947893569845,0.79,2.400940418243408,5.451836556196213,0.8159645232815964,0.4812889099121094,0.0372772216796875,-0.0005642547039315104,22.2936954498291,228,0.9760947893569845,-0.25161915458738804,,,
1,35626,885,0.625,59,54,1933312,0.14298368,0.0024724533,36.88,0.000189768448,0.9757062146892655,0.72,2.2966091632843018,4.525243788957596,0.8180790960451978,0.5150802731513977,0.035888671875,-0.0011202140158275142,21.284116744995117,232,0.9757062146892655,-0.24978163838386536,,,
,,,,,,1966080,0.14200063999999998,0.0021937208,,0.00018786790399999997,,,2.262012481689453,4.565355286002159,,0.5055360198020935,0.0352630615234375,-0.0012696820085693616,,236,,-0.24984280299395323,33.78,23.167217254638672,0.86
1,35485,899,0.625,60,55,1966080,,,36.72,,0.9684371523915462,0.75,,,0.7741935483870968,,,,21.544275283813477,,0.9684371523915462,,,,
1,35519,936,0.625,61,56,1998848,0.1410176,0.0023413764,36.0,0.00018596736,0.9744925213675214,0.91,2.6892666816711426,5.404482498764992,0.8162393162393162,0.4891401529312134,0.04046630859375,-0.0007269914240168873,23.774995803833008,240,0.9744925213675214,-0.2504533804021776,,,
1,35559,906,0.625,62,57,2031616,0.14003456,0.0023658196,36.57,0.00018406681600000003,0.9730270419426048,0.85,2.5769948959350586,4.694171816110611,0.8035320088300221,0.4883631467819214,0.02893829345703125,-0.000547516239748802,23.014423370361328,244,0.9730270419426048,-0.2475268105044961,,,
1,35587,890,0.625,63,58,2064384,0.13905152,0.0019450765,36.39,0.000182166272,0.9747893258426966,0.76,2.355443239212036,4.803899094462395,0.8157303370786517,0.4832344055175781,0.03461456298828125,-0.0006831137434346601,21.88460922241211,248,0.9747893258426966,-0.24404785688966513,,,
1,35630,926,0.625,64,58,2097152,0.13806848,0.0015911681,35.56,0.000180265728,0.9767143628509719,0.76,2.153125762939453,4.614857777953148,0.8315334773218143,0.4868394136428833,0.03040313720703125,-0.0006722185244143475,21.845436096191406,252,0.9767143628509719,-0.24459683569148183,,,
1,35678,934,0.625,65,59,2129920,0.13708544,0.0016637408,35.14,0.00017836518400000001,0.9753747323340471,0.79,2.37217116355896,4.507042363286018,0.8083511777301927,0.4959171414375305,0.02838897705078125,-0.0005115588573971763,22.145856857299805,256,0.9753747323340471,-0.2422776729799807,,,
1,35701,904,0.625,66,60,2162688,0.1361024,0.0026118215,36.45,0.00017646464000000003,0.975871128318584,0.86,2.4700989723205566,4.848045140504837,0.8064159292035398,0.49563878774642944,0.03105926513671875,-0.0004967279892298393,23.184545516967773,260,0.975871128318584,-0.2417431753128767,,,
1,35730,892,0.625,67,61,2195456,0.13511936,0.001632717,36.79,0.000174564096,0.9752662556053812,0.78,2.3660264015197754,4.666648104786873,0.804932735426009,0.5124094486236572,0.0318756103515625,-0.001053296415193472,22.11420440673828,264,0.9752662556053812,-0.2365207066759467,,,
1,35756,895,0.625,68,62,2228224,0.13413632,0.0020225039,36.56,0.000172663552,0.9740921787709497,0.88,2.2661590576171875,4.754982769489288,0.8178770949720671,0.5155870914459229,0.03383636474609375,-0.0011359781892679166,23.39443588256836,268,0.9740921787709497,-0.2384659517556429,,,
1,35783,926,0.625,69,63,2260992,0.13315328,0.002942127,35.91,0.000170763008,0.978469222462203,0.76,2.438924551010132,4.487798064947128,0.8412526997840173,0.5236078500747681,0.04170989990234375,-0.0008816608242341317,21.795087814331055,272,0.978469222462203,-0.23448235308751464,,,
,,,,,,2293760,0.13217024,0.0020035538,,0.000168862464,,,2.261523485183716,4.204182602465153,,0.5332983732223511,0.0404510498046875,-0.0008721901340322802,,276,,-0.2340523968450725,34.55,23.076435089111328,0.86
1,35593,918,0.625,70,64,2293760,,,36.28,,0.9755582788671024,0.82,,,0.8126361655773421,,,,22.624719619750977,,0.9755582788671024,,,,
1,35632,928,0.625,71,65,2326528,0.1311872,0.0021352284,35.68,0.00016696191999999999,0.9738685344827587,0.77,2.196308135986328,4.5925872921943665,0.8146551724137931,0.5268652439117432,0.04669952392578125,-0.0005440530258056242,21.83531951904297,280,0.9738685344827587,-0.2332434500567615,,,
1,35638,932,0.625,72,66,2359296,0.13020416,0.0017024165,36.73,0.000165061376,0.9786078326180258,0.82,2.291499137878418,4.825694426894188,0.8261802575107297,0.5196335315704346,0.03179168701171875,-0.0010965143810608424,22.61426544189453,284,0.9786078326180258,-0.23411991726607084,,,
1,35661,927,0.625,73,67,2392064,0.12922112000000002,0.0013471213,36.14,0.000163160832,0.97680690399137,0.83,2.2110328674316406,4.474192649126053,0.8090614886731392,0.5367152690887451,0.0259552001953125,-0.0007725032846792601,22.82485580444336,288,0.97680690399137,-0.22704487387090921,,,
1,35699,900,0.625,74,67,2424832,0.12823807999999998,0.0014926137,36.82,0.00016126028799999997,0.9797222222222223,0.85,2.2841908931732178,4.778651148080826,0.8277777777777777,0.5319861173629761,0.02484130859375,-0.0005821491358801723,22.994176864624023,292,0.9797222222222223,-0.2298944923095405,,,
1,35735,925,0.625,75,68,2457600,0.12725503999999999,0.0013531554,35.43,0.00015935974399999999,0.9742567567567567,0.72,2.1307733058929443,4.233088746666908,0.8032432432432433,0.5509742498397827,0.026275634765625,-0.0007859028810344171,21.275564193725586,296,0.9742567567567567,-0.2252741176635027,,,
1,35751,921,0.625,76,69,2490368,0.126272,0.001153629,34.34,0.00015745920000000003,0.9781487513572205,0.91,2.437084674835205,4.91737374663353,0.8306188925081434,0.5221307277679443,0.0226593017578125,-0.0008184741745935753,23.746654510498047,300,0.9781487513572205,-0.2309370436705649,,,
1,35766,960,0.625,77,70,2523136,0.12528896,0.001384448,33.61,0.000155558656,0.9753255208333333,0.82,2.272841215133667,4.3926165252923965,0.8135416666666667,0.5295215845108032,0.029876708984375,-0.000713719375198707,22.66738510131836,304,0.9753255208333333,-0.22505161399021745,,,
1,35764,906,0.625,78,71,2555904,0.12430591999999999,0.0011936513,35.74,0.000153658112,0.9784078366445916,0.82,2.4238357543945312,4.758636504411697,0.8289183222958058,0.5190377235412598,0.0286407470703125,-0.0004757611495733727,22.575254440307617,308,0.9784078366445916,-0.22518856870010495,,,
1,35771,936,0.625,79,72,2588672,0.12332288,0.001112133,35.53,0.000151757568,0.9825721153846154,0.82,2.1154260635375977,4.341747008264065,0.8514957264957265,0.5354690551757812,0.02938079833984375,-0.0006522644725919235,22.615463256835938,312,0.9825721153846154,-0.22461256943643093,,,
,,,,,,2621440,0.12233983999999999,0.0015530637,,0.000149857024,,,2.1370010375976562,4.014560408890247,,0.5542581081390381,0.03032684326171875,-0.0005062807686044835,,316,,-0.21989850932732224,34.3,23.26669692993164,0.87
1,35579,902,0.625,80,73,2621440,,,35.83,,0.9742239467849224,0.84,,,0.8192904656319291,,,,22.905166625976562,,0.9742239467849224,,,,
1,35592,933,0.625,81,74,2654208,0.1213568,0.001012133,35.3,0.00014795648,0.9782288317256163,0.8,2.15095853805542,4.583617068827152,0.8263665594855305,0.5339796543121338,0.01966094970703125,-0.0005019067793909926,22.45569610595703,320,0.9782288317256163,-0.22087647067382932,,,
1,35621,954,0.625,82,75,2686976,0.12037376,0.0015760969,33.72,0.000146055936,0.9772012578616353,0.82,2.0634236335754395,4.444840267300606,0.8291404612159329,0.5556424856185913,0.036590576171875,-0.0007377416259259917,22.507278442382812,324,0.9772012578616353,-0.2189885089173913,,,
1,35627,911,0.625,83,76,2719744,0.11939072,0.0015821534,35.13,0.000144155392,0.9774286498353457,0.77,2.231126308441162,4.519850000739098,0.8342480790340285,0.5409711003303528,0.03564453125,-0.0005845178347954061,22.045869827270508,328,0.9774286498353457,-0.22234185924753547,,,
1,35656,920,0.625,84,77,2752512,0.11840768,0.0014770083,35.72,0.000142254848,0.9735733695652173,0.81,2.1637892723083496,4.2543539479374886,0.8239130434782609,0.541790246963501,0.03551483154296875,-0.0006632429140154272,22.43527603149414,332,0.9735733695652173,-0.2197390184737742,,,
1,35681,924,0.625,85,78,2785280,0.11742464000000001,0.0016843809,35.96,0.000140354304,0.9814664502164502,0.87,2.371171236038208,4.62639807164669,0.8398268398268398,0.5241091251373291,0.03687286376953125,-0.00029390900090220384,23.34503936767578,336,0.9814664502164502,-0.22045553661882877,,,
1,35702,917,0.625,86,78,2818048,0.1164416,0.0011778299,34.91,0.00013845376,0.9758724100327154,0.79,2.029468059539795,4.236080497503281,0.8146128680479825,0.5469653606414795,0.03757476806640625,-0.00016071100799308624,22.29608917236328,340,0.9758724100327154,-0.21766972914338112,,,
1,35704,923,0.625,87,79,2850816,0.11545855999999999,0.0014708119,34.67,0.00013655321599999998,0.9802275189599133,0.86,2.3738505840301514,4.698620498180389,0.8526543878656555,0.5334902405738831,0.0351409912109375,-0.0003532232985890005,23.13632583618164,344,0.9802275189599133,-0.21818133490160108,,,
1,35727,923,0.625,88,80,2883584,0.11447552,0.0012129796,35.75,0.000134652672,0.9819203683640303,0.88,2.118924856185913,3.8647425994277,0.8461538461538461,0.5610087513923645,0.024322509765625,-0.0007187852061179001,23.31524658203125,348,0.9819203683640303,-0.21785409655421972,,,
1,35753,939,0.625,89,81,2916352,0.11349247999999999,0.0011008689,35.58,0.00013275212799999998,0.9782348242811502,0.81,1.9884454011917114,3.991069108247757,0.8296059637912673,0.5567306280136108,0.0291290283203125,-0.0007903116711531766,22.475418090820312,352,0.9782348242811502,-0.21509135514497757,,,
,,,,,,2949120,0.11250944,0.0014563103,,0.00013085158400000002,,,2.0872554779052734,4.567628458142281,,0.536168098449707,0.03098297119140625,-0.0006474254696513526,,356,,-0.21926332032307982,33.69,23.32730484008789,0.87
1,35658,906,0.625,90,82,2949120,,,35.55,,0.9773730684326711,0.82,,,0.8377483443708609,,,,22.675447463989258,,0.9773730684326711,,,,
1,35672,921,0.625,91,83,2981888,0.1115264,0.0012188025,35.46,0.00012895104,0.9795059717698155,0.83,1.9284733533859253,4.178281843662262,0.8577633007600435,0.5464663505554199,0.03670501708984375,-0.0007773262150294613,22.845535278320312,360,0.9795059717698155,-0.2162243570201099,,,
1,35669,912,0.625,92,84,3014656,0.11054336000000001,0.00094444054,35.15,0.00012705049600000002,0.9805372807017544,0.85,1.9045300483703613,3.8919745683670044,0.8530701754385965,0.5505988597869873,0.02429962158203125,-0.000627931447525043,23.005842208862305,364,0.9805372807017544,-0.21764292987063527,,,
1,35682,952,0.625,93,85,3047424,0.10956032,0.0010809856,34.69,0.000125149952,0.9799107142857143,0.82,2.1064534187316895,3.9346247240900993,0.8413865546218487,0.5598540306091309,0.02678680419921875,-0.0006601210225198884,22.666309356689453,368,0.9799107142857143,-0.21192911360412836,,,
1,35701,922,0.625,94,86,3080192,0.10857727999999998,0.0009844213,34.78,0.000123249408,0.9794604121475055,0.78,2.1258769035339355,4.168640948832035,0.824295010845987,0.5539852380752563,0.02895355224609375,-0.0004753763205371797,22.18621826171875,372,0.9794604121475055,-0.21522645466029644,,,
1,35706,939,0.625,95,87,3112960,0.10759424,0.0009888648,35.43,0.00012134886400000001,0.9800985090521832,0.83,2.185555934906006,4.392306767404079,0.8466453674121406,0.5577688217163086,0.02166748046875,-0.000510119876707904,22.745569229125977,376,0.9800985090521832,-0.21413587778806686,,,
1,35719,899,0.625,96,88,3145728,0.10661119999999999,0.0011778614,35.73,0.00011944832,0.9774054505005562,0.83,2.1609103679656982,4.002522855997086,0.8298109010011123,0.5580891370773315,0.02875518798828125,-0.0006539246278407518,22.815263748168945,380,0.9774054505005562,-0.21454071393236518,,,
1,35719,943,0.625,97,88,3178496,0.10562816,0.0009167694,35.66,0.00011754777600000001,0.9820387062566278,0.8,2.276773691177368,4.247589908540249,0.8621420996818664,0.5446963310241699,0.0331573486328125,-0.0006633663615502883,22.385334014892578,384,0.9820387062566278,-0.2146590598858893,,,
1,35730,908,0.625,98,89,3211264,0.10464512,0.000882654,35.34,0.000115647232,0.9787995594713657,0.83,1.8675789833068848,3.6977525129914284,0.8370044052863436,0.5621206760406494,0.0211944580078125,-0.0004996103853045497,22.825654983520508,388,0.9787995594713657,-0.21335745742544532,,,
1,35727,937,0.625,99,90,3244032,0.10366208,0.0007046327,36.14,0.00011374668800000001,0.9831243329775881,0.89,2.0508365631103516,4.1340504586696625,0.8569903948772679,0.5520130395889282,0.0275115966796875,-0.0005319657757354435,23.574857711791992,392,0.9831243329775881,-0.21306766103953123,,,
,,,,,,3276800,0.10267904,0.0009886854,,0.000111846144,,,1.8442038297653198,3.579784870147705,,0.5812389850616455,0.02747344970703125,-0.0005987039621686563,,396,,-0.21004234161227942,34.28,23.13671875,0.86
1,35656,913,0.625,100,91,3276800,,,35.38,,0.9782995618838992,0.81,,,0.8346111719605696,,,,22.425615310668945,,0.9782995618838992,,,,
1,35649,928,0.625,101,92,3309568,0.101696,0.00083613175,34.45,0.00010994559999999998,0.9758890086206896,0.86,2.0580337047576904,4.234394244849682,0.8178879310344828,0.5538675785064697,0.028594970703125,-0.00039526779801235534,23.156545639038086,400,0.9758890086206896,-0.2107271528802812,,,
1,35670,941,0.625,102,93,3342336,0.10071296,0.0008004555,35.23,0.00010804505600000002,0.9802736450584485,0.89,2.192981481552124,4.642978712916374,0.842720510095643,0.5497214794158936,0.0246734619140625,-0.000809017161373049,23.555763244628906,404,0.9802736450584485,-0.21268593007698655,,,
1,35667,928,0.625,103,94,3375104,0.09972991999999999,0.0008325239,36.13,0.000106144512,0.9780441810344828,0.89,2.046462297439575,4.12253475189209,0.8372844827586207,0.5610010623931885,0.02715301513671875,-0.0006443588645197451,23.564865112304688,408,0.9780441810344828,-0.21189207676798105,,,
1,35668,939,0.625,104,95,3407872,0.09874688,0.00081646815,34.47,0.00010424396800000002,0.9785676251331203,0.79,2.2898969650268555,4.286729246377945,0.8413205537806177,0.5469717979431152,0.02660369873046875,-0.0005724053335143253,22.176525115966797,412,0.9785676251331203,-0.21060046833008528,,,
1,35677,918,0.625,105,96,3440640,0.09776383999999999,0.00084760727,35.58,0.000102343424,0.9812772331154684,0.84,2.0846173763275146,4.259179465472698,0.8518518518518519,0.5426065921783447,0.029937744140625,-0.00065667067974573,22.87541961669922,416,0.9812772331154684,-0.20833488507196307,,,
1,35680,931,0.625,106,97,3473408,0.0967808,0.0008218072,34.72,0.00010044288000000002,0.9802631578947368,0.84,1.8720461130142212,3.897205635905266,0.8431793770139635,0.5657335519790649,0.0314788818359375,-0.0006955273347557522,22.896276473999023,420,0.9802631578947368,-0.21142781525850296,,,
1,35670,932,0.625,107,98,3506176,0.09579776,0.0010507791,35.41,9.8542336e-05,0.9804855150214592,0.85,1.7274049520492554,3.9698184803128242,0.8476394849785408,0.5669102668762207,0.0315399169921875,-0.0005944661716057453,23.025583267211914,424,0.9804855150214592,-0.2092817653901875,,,
1,35681,929,0.625,108,99,3538944,0.09481472,0.0007941347,34.81,9.664179200000002e-05,0.9764531754574811,0.77,2.066016674041748,3.8686172515153885,0.8234660925726588,0.5791906118392944,0.028900146484375,-0.0007202639826573431,21.946189880371094,428,0.9764531754574811,-0.210296843200922,,,
1,35678,941,0.625,109,100,3571712,0.09383168,0.0007838424,35.04,9.4741248e-05,0.9815356004250797,0.83,2.269353151321411,4.488436594605446,0.8512221041445271,0.5575149655342102,0.02385711669921875,-0.000533714202902047,22.745960235595703,432,0.9815356004250797,-0.20987408002838492,,,
,,,,,,3604480,0.09284863999999998,0.00080977724,,9.284070399999999e-05,,,1.777236819267273,3.7307660803198814,,0.586938738822937,0.02915191650390625,-0.0005032716544519644,,436,,-0.2103144759312272,33.77,23.797224044799805,0.91
1,35583,936,0.625,110,101,3604480,,,34.22,,0.9792334401709402,0.89,,,0.8472222222222222,,,,23.456777572631836,,0.9792334401709402,,,,
1,35600,949,0.625,111,102,3637248,0.09186559999999999,0.0010335583,35.07,9.094016e-05,0.9782665964172813,0.88,2.1372499465942383,4.111871808767319,0.8461538461538461,0.5673021078109741,0.0335845947265625,-0.0005484856374096125,23.405925750732422,440,0.9782665964172813,-0.20556016825139523,,,
1,35598,938,0.625,112,103,3670016,0.09088255999999999,0.0007109959,35.23,8.903961599999999e-05,0.978411513859275,0.88,1.9737775325775146,4.0740457102656364,0.8486140724946695,0.5632721781730652,0.02527618408203125,-0.0005527417706616689,23.37576675415039,444,0.978411513859275,-0.20634011225774884,,,
1,35614,963,0.625,113,103,3702784,0.08989952,0.00061426347,35.83,8.713907200000003e-05,0.9805944963655244,0.88,1.9302469491958618,4.104925990104675,0.8546209761163032,0.5625173449516296,0.02545166015625,-0.0004816984001081437,23.395170211791992,448,0.9805944963655244,-0.2105795545503497,,,
1,35624,925,0.625,114,104,3735552,0.08891647999999999,0.00065090694,35.91,8.523852800000002e-05,0.9810135135135135,0.88,1.9557658433914185,4.14430794864893,0.8572972972972973,0.5663295388221741,0.02388763427734375,-0.0005411747697507963,23.415088653564453,452,0.9810135135135135,-0.21109175542369485,,,
1,35644,922,0.625,115,105,3768320,0.08793344,0.001057688,35.57,8.333798400000003e-05,0.9807483731019523,0.85,1.7845213413238525,3.851754479110241,0.8481561822125814,0.5746332406997681,0.03496551513671875,-0.00039157432547654025,23.075428009033203,456,0.9807483731019523,-0.20617960765957832,,,
1,35663,937,0.625,116,106,3801088,0.0869504,0.00066027854,34.77,8.143744000000002e-05,0.97698772678762,0.82,2.1311490535736084,3.9774997755885124,0.8249733191035219,0.5737409591674805,0.0239715576171875,-0.0006455458969867323,22.616230010986328,460,0.97698772678762,-0.20675307791680098,,,
1,35672,943,0.625,117,107,3833856,0.08596735999999999,0.0006501969,33.59,7.9536896e-05,0.9798515376458112,0.78,2.336282730102539,4.5098956525325775,0.8441145281018028,0.5588764548301697,0.03098297119140625,-0.00018365311552770436,22.077407836914062,464,0.9798515376458112,-0.20380784757435322,,,
1,35677,943,0.625,118,108,3866624,0.08498432,0.00045585976,35.16,7.763635200000002e-05,0.97885737009544,0.9,2.0452358722686768,4.175303742289543,0.8494167550371156,0.5686576962471008,0.01898193359375,-0.00047417850510100834,23.645835876464844,468,0.97885737009544,-0.20601537125185132,,,
1,35676,932,0.625,119,109,3899392,0.08400127999999998,0.0006500401,35.05,7.5735808e-05,0.9831008583690987,0.9,1.9073618650436401,3.993503212928772,0.8701716738197425,0.5735975503921509,0.03194427490234375,-0.0006403532170224935,23.68594741821289,472,0.9831008583690987,-0.20509275561198592,,,
,,,,,,3932160,0.08301824,0.00048010424,,7.383526400000002e-05,,,1.7995277643203735,3.63962185382843,,0.5901114344596863,0.02640533447265625,-0.0003656077715277206,,476,,-0.20645103696733713,33.66,23.19733428955078,0.87
1,35596,962,0.625,120,110,3932160,,,34.53,,0.9784953222453222,0.8,,,0.8347193347193347,,,,22.296466827392578,,0.9784953222453222,,,,
1,35608,933,0.625,121,111,3964928,0.08203519999999999,0.00038797944,35.07,7.193472e-05,0.9814442658092176,0.87,2.136504888534546,4.397024504840374,0.8510182207931404,0.5667986869812012,0.017333984375,-0.0005842510145157576,23.285926818847656,480,0.9814442658092176,-0.20766396867111325,,,
1,35645,925,0.625,122,112,3997696,0.08105216,0.00066698785,35.94,7.003417600000002e-05,0.9793243243243244,0.81,1.9222345352172852,3.9026404842734337,0.8378378378378378,0.5858681201934814,0.0294342041015625,-0.0007421459522447549,22.50505828857422,484,0.9793243243243244,-0.2031958159059286,,,
1,35666,952,0.625,123,113,4030464,0.08006912,0.000375574,34.85,6.8133632e-05,0.979516806722689,0.87,2.329190254211426,4.133218050003052,0.832983193277311,0.5744718313217163,0.01976776123046875,-0.000376776879420504,23.23614501953125,488,0.979516806722689,-0.20476179663091898,,,
1,35717,941,0.625,124,113,4063232,0.07908607999999999,0.00038395962,35.07,6.623308799999999e-05,0.9812035069075452,0.88,2.406604290008545,4.3640206307172775,0.8565356004250797,0.5691396594047546,0.0160064697265625,-0.0005098536203149706,23.33592987060547,492,0.9812035069075452,-0.20278334664180875,,,
1,35750,941,0.625,125,114,4096000,0.07810304,0.00032862593,34.77,6.433254400000003e-05,0.9785467587672688,0.82,1.8876255750656128,4.0742859318852425,0.8310308182784272,0.5676776766777039,0.01908111572265625,-0.0004718025302281603,22.6262264251709,496,0.9785467587672688,-0.20352990366518497,,,
1,35784,951,0.625,126,115,4128768,0.07711999999999998,0.00038883305,35.16,6.243200000000001e-05,0.9790352260778128,0.84,2.2129132747650146,4.393668361008167,0.8380651945320715,0.5615803599357605,0.02005767822265625,-0.0004004167985840468,22.825838088989258,500,0.9790352260778128,-0.20468077203258872,,,
1,35804,943,0.625,127,116,4161536,0.07613695999999999,0.0004785294,34.35,6.053145600000003e-05,0.9748806998939554,0.85,2.113002300262451,4.289519526064396,0.8229056203605515,0.5617417693138123,0.0239410400390625,-0.0005635492270812392,22.996644973754883,504,0.9748806998939554,-0.20640561170876026,,,
1,35847,951,0.625,128,117,4194304,0.07515391999999999,0.00046967066,34.88,5.8630912000000014e-05,0.9814668769716088,0.87,2.4188177585601807,4.564736321568489,0.8475289169295478,0.5543287992477417,0.0266571044921875,-0.0004967120366927702,23.306116104125977,508,0.9814668769716088,-0.20630139764398336,,,
1,35874,932,0.625,129,117,4227072,0.07417088,0.00033319104,35.11,5.673036800000003e-05,0.9797478540772532,0.87,2.0379040241241455,3.912288136780262,0.8336909871244635,0.5746619701385498,0.01898956298828125,-0.0003508812042127829,23.385887145996094,512,0.9797478540772532,-0.20358466124162078,,,
,,,,,,4259840,0.07318784,0.0004309577,,5.4829824000000014e-05,,,2.176396608352661,4.314073413610458,,0.5611453056335449,0.02193450927734375,-0.0003985523435403593,,516,,-0.20608929358422756,33.58,23.15741539001465,0.86
1,35843,949,0.625,130,118,4259840,,,34.75,,0.9809009483667018,0.86,,,0.8482613277133825,,,,23.136245727539062,,0.9809009483667018,,,,
1,35857,952,0.625,131,119,4292608,0.07220480000000001,0.00027480483,34.67,5.292928000000003e-05,0.9801076680672269,0.81,1.930702567100525,4.050041206181049,0.8466386554621849,0.5680474042892456,0.0162506103515625,-0.0005516309320228174,22.496328353881836,520,0.9801076680672269,-0.2055585663765669,,,
1,35884,924,0.625,132,120,4325376,0.07122176,0.00031333737,34.37,5.102873600000004e-05,0.9797754329004329,0.78,2.287428140640259,4.185163050889969,0.8430735930735931,0.556889533996582,0.015869140625,-0.0004251314894645475,22.066627502441406,524,0.9797754329004329,-0.20305684534832835,,,
1,35917,927,0.625,133,121,4358144,0.07023871999999998,0.00032865698,34.92,4.9128192e-05,0.9787621359223301,0.81,2.1560075283050537,4.009148150682449,0.8338727076591155,0.5599726438522339,0.01648712158203125,-0.00040959750913316384,22.56607437133789,528,0.9787621359223301,-0.20466666528955102,,,
1,35929,954,0.625,134,122,4390912,0.06925567999999999,0.00037001824,34.52,4.722764800000001e-05,0.9798218029350105,0.86,2.085542678833008,4.316226676106453,0.8291404612159329,0.5549267530441284,0.02457427978515625,-0.0004173473353148438,23.056480407714844,532,0.9798218029350105,-0.20438389759510756,,,
1,35950,943,0.625,135,123,4423680,0.06827264,0.00019601935,35.08,4.5327104000000026e-05,0.9801829268292683,0.88,2.0707623958587646,4.365515008568764,0.8525980911983033,0.5603343844413757,0.01105499267578125,-0.00031543734439765103,23.415918350219727,536,0.9801829268292683,-0.20237271720543504,,,
1,35972,949,0.625,136,123,4456448,0.0672896,0.00024491752,34.79,4.342656000000004e-05,0.9782665964172813,0.85,1.8145564794540405,3.8550854176282883,0.8387776606954689,0.5745832920074463,0.0141448974609375,-0.00034812976082321256,23.026203155517578,540,0.9782665964172813,-0.20545019954442978,,,
1,35993,943,0.625,137,124,4489216,0.06630655999999999,0.0002972071,36.24,4.1526016e-05,0.9777969247083775,0.85,2.048123598098755,4.413499072194099,0.8451749734888653,0.5493178367614746,0.0196380615234375,-0.0004635767654690426,23.024757385253906,544,0.9777969247083775,-0.2080259509384632,,,
1,36025,949,0.625,138,125,4521984,0.06532352,0.00022874282,34.62,3.962547200000001e-05,0.9780031612223393,0.81,2.127642869949341,4.172680646181107,0.827186512118019,0.5542054176330566,0.0186614990234375,-0.00029378701219684444,22.516376495361328,548,0.9780031612223393,-0.20691436948254704,,,
1,36049,930,0.625,139,126,4554752,0.06434047999999998,0.00019795683,34.69,3.7724928000000026e-05,0.9772177419354838,0.79,2.2650489807128906,4.633151680231094,0.8193548387096774,0.549184262752533,0.01776885986328125,-0.00044133632763987407,22.2163028717041,552,0.9772177419354838,-0.2047364516183734,,,
,,,,,,4587520,0.06335743999999999,0.0001615302,,3.5824383999999985e-05,,,2.222754716873169,4.673067033290863,,0.5550116300582886,0.00846099853515625,-0.00031490112451137975,,556,,-0.20399878127500415,33.69,23.567304611206055,0.9
1,36023,943,0.625,140,127,4587520,,,34.82,,0.9811108165429481,0.87,,,0.8579003181336161,,,,23.29617691040039,,0.9811108165429481,,,,
1,36049,921,0.625,141,128,4620288,0.062374399999999997,0.00016731423,34.04,3.392384000000005e-05,0.9786237785016286,0.8,1.9441486597061157,3.731383465230465,0.8393051031487514,0.5812261700630188,0.0104217529296875,-0.0003011458938999567,22.366960525512695,560,0.9786237785016286,-0.2022136622108519,,,
1,36065,940,0.625,142,129,4653056,0.06139135999999998,0.00022787973,34.17,3.202329600000001e-05,0.9817154255319149,0.85,1.9601657390594482,4.141592137515545,0.8563829787234043,0.5579293966293335,0.01905059814453125,-0.00043573855873546563,22.976825714111328,564,0.9817154255319149,-0.2033853125758469,,,
1,36093,948,0.625,143,129,4685824,0.06040831999999999,0.00015153433,34.17,3.0122752000000025e-05,0.978573312236287,0.89,1.8883607387542725,3.758100114762783,0.8386075949367089,0.5836742520332336,0.01180267333984375,-0.00033550670195836574,23.526826858520508,568,0.978573312236287,-0.2034433032386005,,,
1,36112,967,0.625,144,130,4718592,0.05942528,0.00019489987,33.99,2.8222208000000038e-05,0.9804162357807652,0.83,1.9240273237228394,4.243553839623928,0.8500517063081696,0.5706568956375122,0.014739990234375,-0.0004116681338928174,22.73700714111328,572,0.9804162357807652,-0.20192631520330906,,,
1,36129,948,0.625,145,131,4751360,0.058442240000000006,0.00013100375,34.17,2.632166400000005e-05,0.9781777426160337,0.86,2.2195112705230713,4.23213154822588,0.8227848101265823,0.5679537653923035,0.01088714599609375,-0.0003532723494572565,23.126829147338867,576,0.9781777426160337,-0.20134904189035296,,,
1,36157,950,0.625,146,132,4784128,0.05745919999999999,0.00010511744,33.71,2.442112000000001e-05,0.9783552631578948,0.87,2.181556463241577,4.5626450181007385,0.8410526315789474,0.5597244501113892,0.01116180419921875,-0.0003338775932206772,23.177289962768555,580,0.9783552631578948,-0.20266259601339698,,,
1,36182,946,0.625,147,133,4816896,0.05647615999999997,0.00012431678,34.91,2.2520576000000024e-05,0.9785940803382663,0.79,1.9695992469787598,4.138689927756786,0.8393234672304439,0.5687942504882812,0.0104827880859375,-0.0002930189875769429,22.316085815429688,584,0.9785940803382663,-0.20041810907423496,,,
1,36207,932,0.625,148,133,4849664,0.05549311999999998,0.00010175787,34.94,2.0620032000000037e-05,0.9820278969957081,0.85,2.1277034282684326,4.382561504840851,0.8626609442060086,0.5603077411651611,0.00777435302734375,-0.0002446745038469089,23.05605697631836,588,0.9820278969957081,-0.20195752335712314,,,
1,36231,944,0.625,149,134,4882432,0.05451007999999999,8.6204716e-05,34.59,1.8719487999999996e-05,0.9788135593220338,0.81,1.7672200202941895,3.5545538663864136,0.8379237288135594,0.5877887010574341,0.00650787353515625,-0.00022842529506306164,22.43640899658203,592,0.9788135593220338,-0.20321382815018296,,,
,,,,,,4915200,0.05352704,6.63889e-05,,1.681894400000001e-05,,,2.2182679176330566,4.267579168081284,,0.5586796998977661,0.00373077392578125,-0.00019013187556993216,,596,,-0.201972053386271,33.0,23.697996139526367,0.9
1,36176,942,0.625,150,135,4915200,,,34.26,,0.9806263269639066,0.85,,,0.8407643312101911,,,,23.006738662719727,,0.9806263269639066,,,,
1,36175,953,0.625,151,136,4947968,0.05254399999999998,6.248511e-05,34.67,1.4918400000000023e-05,0.9761280167890871,0.84,2.020220994949341,4.16635150462389,0.8184679958027282,0.5713037252426147,0.00494384765625,-0.00025130928406724706,22.78632354736328,600,0.9761280167890871,-0.20334940776228905,,,
1,36197,926,0.625,152,137,4980736,0.05156095999999999,4.5308174e-05,35.16,1.3017856000000036e-05,0.9836663066954644,0.87,2.3383710384368896,4.709480136632919,0.8628509719222462,0.5582406520843506,0.004119873046875,-0.00019440240430412814,23.265836715698242,604,0.9836663066954644,-0.20473184064030647,,,
1,36208,943,0.625,153,138,5013504,0.05057792,4.8031678e-05,34.7,1.111731200000005e-05,0.9832317073170732,0.82,1.795907974243164,3.5742667242884636,0.8632025450689289,0.5968018770217896,0.00301361083984375,-0.00019463925855234265,22.63629722595215,608,0.9832317073170732,-0.19838811736553907,,,
