curriculum/frontier,time/iterations,time/total_timesteps,curriculum/success_rate,time/fps,time/time_elapsed,rollout/episodes,train/learning_rate,train/explained_variance,train/policy_gradient_loss,train/clip_fraction,train/clip_range,train/approx_kl,train/value_loss,train/n_updates,train/loss,train/entropy_loss,rollout/ep_rew_mean,rollout/fill_mean_true_start,rollout/win_rate_true_start,rollout/ep_len_mean,rollout/fill_mean,rollout/success_rate,eval/mean_ep_length,eval/success_rate,eval/mean_reward
80,1,131072,nan,98227,1,0,,,,,,,,,,,,,,,,,,,
80,2,262144,nan,64037,4,0,0.00029873297066666663,-0.16722393035888672,-0.0038041981806600234,0.002994537353515625,0.19934464000000002,0.0030631875,0.08296063099987805,4,0.015164989978075027,-1.636842980980873,,,,,,,,,
80,3,393216,nan,60177,6,0,0.00029746594133333334,0.051043033599853516,-0.011492914862174075,0.06412315368652344,0.19868928000000002,0.009693122,0.11941625305917114,8,0.02028203383088112,-1.5473285000771284,,,,,,,,,
80,4,524288,nan,57742,9,5,0.000296198912,0.03507685661315918,-0.019079862024227623,0.16900062561035156,0.19803392,0.011576953,0.2006061978172511,12,0.05677125230431557,-1.454897940158844,4.8509979248046875,0.12757201646090535,0.0,150.0,0.45432098765432094,0.0,,,
80,5,655360,nan,56357,11,14,0.00029493188266666666,0.043845295906066895,-0.02036010197844007,0.2006988525390625,0.19737856,0.012998758,0.2855789652094245,16,0.09993654489517212,-1.3550564590841532,6.8635735511779785,0.1700960219478738,0.0,190.05263157894737,0.44356261022927684,0.0,,,
80,6,786432,nan,55552,14,107,0.0002936648533333333,0.10386824607849121,-0.019966741652751807,0.21030616760253906,0.19672320000000001,0.014637887,0.3859607526101172,20,0.14188525080680847,-1.2464274670928717,7.515502452850342,0.19037037037037038,0.0,185.48,0.5910926502826814,0.07,,,
80,7,917504,nan,55007,16,410,0.00029239782399999997,0.163432776927948,-0.016482140908919973,0.19475746154785156,0.19606784000000002,0.017260024,0.5539691285230219,24,0.23486360907554626,-1.1268489994108677,8.911953926086426,0.23796115803913073,0.0,189.04,0.6519421860885276,0.07,,,
80,8,1048576,0.14285714285714285,54687,19,1047,0.00029113079466666663,0.24038755893707275,-0.011453633816927322,0.14268875122070312,0.19541248,0.017747749,0.8863822864368558,28,0.3778012692928314,-0.9951456412672997,8.660494804382324,0.316927006582179,0.0,150.51,0.7248104519674083,0.09,,,
80,9,1179648,0.1396588486140725,53938,21,1909,0.0002898637653333333,0.31672823429107666,-0.00693637456788565,0.11829566955566406,0.19475712,0.014494397,1.415692362934351,32,0.6229949593544006,-0.8302279254421592,12.202713966369629,0.408982465893035,0.0,178.3,0.8017836240291277,0.12,,,
,,1310720,,,,,0.000288596736,0.45630204677581787,2.5425169951631688e-05,0.09104156494140625,0.19410176,0.008328676,2.194342290982604,36,0.9899609088897705,-0.699500179849565,,,,,,,177.71,0.0,41.60334014892578
80,10,1310720,0.15214619634509138,50762,25,2480,,,,,,,,,,,12.006505966186523,0.4828007167188454,0.0,144.51,0.8358074472321784,0.14,,,
80,11,1441792,0.17671517671517672,50602,28,2332,0.00028732970666666666,0.5841447114944458,-0.0011373296383681009,0.04609489440917969,0.19344640000000002,0.0033031828,2.712561935186386,40,1.250741720199585,-0.6290612118318677,8.542799949645996,0.5104229912973082,0.0,88.21,0.8771467293479871,0.07,,,
80,12,1572864,0.1918967052537845,50310,31,2068,0.0002860626773333333,0.6954948902130127,-0.00028668984305113554,0.054866790771484375,0.19279104,0.007945698,2.5449775494635105,44,1.2512930631637573,-0.6030265120789409,11.15665054321289,0.4653017406640595,0.0,64.36,0.8820832437853714,0.16,,,
80,13,1703936,0.18305882352941177,50251,33,2076,0.00028479564799999997,0.7134307026863098,-0.0021273637776175747,0.01488494873046875,0.19213568000000003,0.0021657948,2.6740190498530865,48,1.3160370588302612,-0.5948914922773838,12.901004791259766,0.4653855629465385,0.0,80.01,0.8515247746140489,0.16,,,
80,14,1835008,0.19019518837948252,50136,36,2211,0.00028352861866666663,0.7468196153640747,-0.0017888631191453896,0.04610252380371094,0.19148032,0.010739166,2.7482224591076374,52,1.3631824254989624,-0.5668968483805656,11.287012100219727,0.4933411101390104,0.0,64.0,0.8528792624978363,0.17,,,
80,15,1966080,0.21591417076441663,49978,39,2206,0.0002822615893333333,0.7845475673675537,0.00012640968634514138,0.051906585693359375,0.19082496000000002,0.003371683,2.945135898888111,56,1.4958211183547974,-0.5320365922525525,10.824009895324707,0.49595935665587415,0.0,57.0,0.8623171373246925,0.17,,,
80,16,2097152,0.2162043152796125,49922,42,2205,0.00028099455999999994,0.7925173044204712,-0.0011185147795913508,0.047107696533203125,0.1901696,0.0047718594,3.1902932301163673,60,1.455790638923645,-0.508120174985379,11.758170127868652,0.5029584115605621,0.0,62.84,0.8718904845888972,0.2,,,
80,17,2228224,0.22274881516587677,49888,44,2304,0.00027972753066666666,0.8153543472290039,-0.0014062071895750705,0.03653717041015625,0.18951424000000003,0.004183063,3.1070150695741177,64,1.5289688110351562,-0.487126505933702,11.789691925048828,0.5089844848298954,0.0,61.32,0.867139274691358,0.18,,,
80,18,2359296,0.21810699588477367,49784,47,2421,0.0002784605013333333,0.8422452211380005,0.0004604078403644962,0.05040168762207031,0.18885888,0.00892348,3.1655941009521484,68,1.6433409452438354,-0.46469003055244684,12.590855598449707,0.5071283095723014,0.0,70.16,0.8693071427478696,0.11,,,
80,19,2490368,0.21983683984542723,49601,50,2268,0.00027719347199999997,0.8633862137794495,-0.0015214776612992864,0.011615753173828125,0.18820352,0.0013790253,3.23942007124424,72,1.6246609687805176,-0.4589709588326514,12.301002502441406,0.5143564217216456,0.0,60.01,0.8756994796089446,0.22,,,
,,2621440,,,,,0.0002759264426666667,0.8718574047088623,-0.0013293862830323633,0.0092010498046875,0.18754816000000002,0.0012927934,3.107991401106119,76,1.552834153175354,-0.4583147270604968,,,,,,,182.09,0.0,41.198936462402344
80,20,2621440,0.2385279418446161,48309,54,2166,,,,,,,,,,,12.421629905700684,0.4998008761449622,0.0,59.38,0.8642032306236677,0.22,,,
80,21,2752512,0.2567747667703243,48377,56,2231,0.00027465941333333334,0.8682912588119507,-0.0015234864531521453,0.013868331909179688,0.18689280000000003,0.0015593786,3.2730580009520054,80,1.6823129653930664,-0.4466256955638528,13.704133033752441,0.5068672839506173,0.0,66.88,0.8655145508574463,0.23,,,
80,22,2883584,0.2613438045375218,48358,59,2254,0.000273392384,0.8741211891174316,-0.0012536109970824327,0.011819839477539062,0.18623744,0.0014544363,3.2280167415738106,84,1.5881267786026,-0.4378264625556767,12.827901840209961,0.516220405109294,0.0,63.11,0.8730103957847228,0.22,,,
80,23,3014656,0.29361510791366907,48381,62,2191,0.00027212535466666666,0.8788778781890869,-0.0015365723957074806,0.01422882080078125,0.18558208,0.0017466086,3.2225932478904724,88,1.618137240409851,-0.4256045473739505,11.615370750427246,0.5189679329579401,0.0,55.64,0.869781541773022,0.23,,,
80,24,3145728,0.29548627268496974,48342,65,2089,0.0002708583253333333,0.8766200542449951,-0.001565335734085238,0.010890960693359375,0.18492672000000002,0.001527766,3.217675346881151,92,1.6176284551620483,-0.4190349862910807,13.731654167175293,0.512962962962963,0.0,69.36,0.8693745604548221,0.22,,,
80,25,3276800,0.3209764918625678,48411,67,2175,0.00026959129599999997,0.8761215806007385,-0.0017463297426729696,0.011180877685546875,0.18427136,0.0014825067,3.202428724616766,96,1.6210774183273315,-0.4061847757548094,12.105539321899414,0.5203583713302936,0.0,55.47,0.8720987654320987,0.31,,,
80,26,3407872,0.32369402985074625,48434,70,2107,0.00026832426666666663,0.8739475011825562,-0.0014489002896880265,0.011272430419921875,0.183616,0.0013368317,3.2918338514864445,100,1.6976169347763062,-0.3892905837856233,12.329570770263672,0.5192651254566302,0.0,61.44,0.8675783836359694,0.24,,,
80,27,3538944,0.3303360151443445,48328,73,2057,0.00026705723733333334,0.8830490708351135,-0.0014624019931943621,0.011671066284179688,0.18296064,0.0015873256,3.167858887463808,104,1.6799790859222412,-0.38699709763750434,11.95907974243164,0.5110944277610944,0.0,61.93,0.8683387649519556,0.21,,,
80,28,3670016,0.3549309194854693,48399,75,2036,0.000265790208,0.8825467824935913,-0.0010312405793229118,0.014951705932617188,0.18230528000000001,0.0016669083,3.161827128380537,108,1.6020643711090088,-0.37431477289646864,12.872840881347656,0.5087719298245613,0.0,58.17,0.8691879502292075,0.34,,,
80,29,3801088,0.38517796196977083,48452,78,1966,0.00026452317866666665,0.8811327219009399,-0.0012845860874222126,0.012933731079101562,0.18164992000000002,0.0014592675,3.1413141898810863,112,1.6979742050170898,-0.36313321348279715,14.067582130432129,0.5194704744905548,0.0,63.43,0.8735604034010274,0.39,,,
,,3932160,,,,,0.0002632561493333333,0.8823282122612,-0.0010509034436836373,0.014255523681640625,0.18099456,0.0017122119,3.0235025323927402,116,1.5436431169509888,-0.35123459389433265,,,,,,,183.85,0.0,42.80720520019531
80,30,3932160,0.3731549815498155,47656,82,2115,,,,,,,,,,,13.667130470275879,0.5186289943933493,0.0,63.88,0.8732743776084988,0.31,,,
80,31,4063232,0.37122557726465366,47765,85,2166,0.00026198911999999997,0.8819020986557007,-0.0011874746032844996,0.011861801147460938,0.1803392,0.0014807342,3.173287969082594,120,1.6209169626235962,-0.3377300025895238,12.264548301696777,0.5234388978350331,0.0,56.46,0.8832575265323803,0.41,,,
80,32,4194304,0.384297520661157,47828,87,2064,0.0002607220906666666,0.885952353477478,-0.0007857298578528571,0.014566421508789062,0.17968384,0.0014256914,3.093500029295683,124,1.5380913019180298,-0.33480570185929537,13.760963439941406,0.518358600396597,0.0,70.05,0.88458225667528,0.29,,,
80,33,4325376,0.40037071362372567,47824,90,2087,0.0002594550613333333,0.887322723865509,-0.0011112135616713203,0.0150604248046875,0.17902848,0.0014933543,3.000150393694639,128,1.632494330406189,-0.33067140402272344,14.803540229797363,0.5149212926990705,0.0,67.47,0.8762651806893941,0.39,,,
80,34,4456448,0.41473586654309547,47817,93,2081,0.000258188032,0.8828744292259216,-0.0014264617402659496,0.01264190673828125,0.17837312000000002,0.0013745176,3.1072169952094555,132,1.551304578781128,-0.3254644782282412,14.931561470031738,0.5200070046405744,0.0,69.45,0.8790052265945266,0.37,,,
80,35,4587520,0.3955495004541326,47871,95,2092,0.00025692100266666665,0.8808096647262573,-0.000714030777089647,0.017858505249023438,0.17771776,0.0016834158,3.2123934403061867,136,1.6310467720031738,-0.3183464128524065,11.885929107666016,0.5164925609370054,0.0,55.08,0.8850293888534807,0.35,,,
80,36,4718592,0.41181988742964354,47935,98,2000,0.0002556539733333333,0.8877782821655273,-0.0008233150529122213,0.016878128051757812,0.1770624,0.0018456192,3.1051869988441467,140,1.526942253112793,-0.31870664842426777,14.234109878540039,0.5189210950080515,0.0,66.9,0.8883703703703705,0.29,,,
80,37,4849664,0.41196333815726,48014,101,2010,0.00025438694399999997,0.8879945874214172,-0.0009072008833754808,0.020263671875,0.17640704000000001,0.0016491475,2.96109376847744,144,1.5076863765716553,-0.3197637922130525,14.463972091674805,0.5242817187897278,0.0,67.04,0.8728517904305633,0.32,,,
80,38,4980736,0.41715312079030087,48063,103,2160,0.0002531199146666667,0.8846422433853149,-9.813399719860172e-05,0.027263641357421875,0.17575168000000002,0.0023875593,3.0714388117194176,148,1.5643988847732544,-0.3069412992335856,13.559189796447754,0.5241353747897243,0.0,61.82,0.8813728852309098,0.3,,,
80,39,5111808,0.43838862559241704,48115,106,1968,0.00025185288533333334,0.8883385062217712,-0.0010433415918669198,0.015058517456054688,0.17509632,0.0014315197,3.0946460962295532,152,1.6069767475128174,-0.3045322257094085,12.103568077087402,0.53193323677495,0.0,57.44,0.8929852955936967,0.31,,,
,,5242880,,,,,0.000250585856,0.8956042528152466,-0.0006255360985960579,0.022634506225585938,0.17444096,0.0017197204,2.836075033992529,156,1.3897244930267334,-0.30471935868263245,,,,,,,180.34,0.0,41.950706481933594
80,40,5242880,0.4432793136320305,47569,110,2011,,,,,,,,,,,14.712541580200195,0.5205512211161929,0.0,68.47,0.8800670386945871,0.28,,,
80,41,5373952,0.43645320197044335,47609,112,1941,0.00024931882666666665,0.8851877450942993,-0.0013238183601060882,0.0192108154296875,0.1737856,0.0020050532,3.1374265514314175,160,1.6178843975067139,-0.30655610002577305,14.690742492675781,0.5276200774984231,0.0,70.27,0.8784195495512686,0.33,,,
80,42,5505024,0.46079335793357934,47665,115,2085,0.0002480517973333333,0.8880369067192078,-0.0008582600330555579,0.0226593017578125,0.17313024000000002,0.0016112693,2.994664743542671,164,1.5659799575805664,-0.2981295585632324,15.939763069152832,0.5325813423335406,0.0,71.25,0.8860230334251117,0.36,,,
80,43,5636096,0.45705098759761137,47678,118,2094,0.00024678476799999997,0.8843915462493896,-0.0008206406910176156,0.022546768188476562,0.17247488,0.0016458645,3.0804001577198505,168,1.5681787729263306,-0.28849889477714896,15.163673400878906,0.5288509932794505,0.0,67.34,0.8852099472920867,0.41,,,
80,44,5767168,0.4562647754137116,47721,120,1999,0.0002455177386666666,0.8906081318855286,-0.0011308741395623656,0.022495269775390625,0.17181952,0.001768989,3.1063824519515038,172,1.606134295463562,-0.28866267250850797,17.025333404541016,0.5228587962962963,0.0,75.68,0.8871596291973147,0.4,,,
80,45,5898240,0.46179401993355484,47778,123,2016,0.00024425070933333334,0.8882512450218201,-0.0011999850812571822,0.018198013305664062,0.17116416,0.0014823712,3.0274967178702354,176,1.5352826118469238,-0.2828700286336243,15.44857406616211,0.52168794711582,0.0,72.44,0.8819138252008623,0.32,,,
80,46,6029312,0.4878974845752254,47828,126,2012,0.00024298368,0.8870396614074707,-0.0010254923608954414,0.018798828125,0.17050880000000002,0.0014879939,3.0585565119981766,180,1.5241953134536743,-0.2748831450007856,15.003252029418945,0.5254686785550983,0.0,67.76,0.8852011388459367,0.38,,,
80,47,6160384,0.48477406679764246,47828,128,1917,0.00024171665066666665,0.8874224424362183,-0.0008941989690356422,0.022672653198242188,0.16985344,0.0015569108,3.0625691078603268,184,1.5443843603134155,-0.2726213373243809,16.857393264770508,0.5360811380058974,0.0,73.62,0.8874591858420758,0.46,,,
80,48,6291456,0.5081053698074974,47840,131,1863,0.00024044962133333334,0.8919312953948975,-0.00027410219263401814,0.02404022216796875,0.16919808,0.001761114,2.9119505621492863,188,1.4702670574188232,-0.27217430248856544,18.59927749633789,0.5278174489828303,0.0,81.74,0.8831567298198181,0.42,,,
80,49,6422528,0.5088289962825279,47801,134,2061,0.000239182592,0.8932309746742249,-0.0008209861061914125,0.020816802978515625,0.16854272,0.0016363751,2.7984207682311535,192,1.3824288845062256,-0.2742667477577925,13.443778991699219,0.5321319689697848,0.0,57.23,0.8880802199579493,0.38,,,
,,6553600,,,,,0.00023791556266666665,0.8879004120826721,-0.0007218835762614617,0.021738052368164062,0.16788736,0.0018900547,2.9815390929579735,196,1.5351414680480957,-0.26834167214110494,,,,,,,186.63,0.0,42.51442337036133
80,50,6553600,0.5215027187345527,47376,138,1928,,,,,,,,,,,19.2147274017334,0.5275720164609053,0.0,86.29,0.8822293939859638,0.44,,,
80,51,6684672,0.5454978561219629,47427,140,1989,0.0002366485333333333,0.8910829424858093,-0.0007750523018330568,0.023822784423828125,0.167232,0.002195232,2.8778851069509983,200,1.500265121459961,-0.2589506935328245,14.735421180725098,0.5188350743906299,0.0,65.59,0.8880447398965917,0.45,,,
80,52,6815744,0.5258924082453494,47464,143,1886,0.000235381504,0.8918745517730713,-0.00033660193912510294,0.029571533203125,0.16657664,0.0021312144,2.9216002859175205,204,1.365673303604126,-0.25823068898171186,15.993721961975098,0.5224989893335821,0.0,67.29,0.881498500975348,0.46,,,
80,53,6946816,0.564484126984127,47542,146,1920,0.00023411447466666665,0.893672525882721,-0.001065031818143325,0.020833969116210938,0.16592128,0.0017696021,2.8118677623569965,208,1.4110649824142456,-0.2600090457126498,16.44075584411621,0.5239579513506907,0.0,80.26,0.8843428497942386,0.33,,,
80,54,7077888,0.5625308947108255,47553,148,1916,0.0002328474453333333,0.8851220607757568,-0.0006307514977379469,0.024232864379882812,0.16526592,0.0015865876,2.8543705828487873,212,1.4537521600723267,-0.2464195026550442,16.403141021728516,0.5305186441742845,0.0,67.87,0.8874842135106575,0.49,,,
80,55,7208960,0.582843137254902,47614,151,1930,0.000231580416,0.8914556503295898,0.0002254033997814986,0.024728775024414062,0.16461056000000002,0.0017291965,2.7459176294505596,216,1.345584750175476,-0.24032102664932609,17.486831665039062,0.5318455207344096,0.0,74.18,0.8905904177061345,0.51,,,
80,56,7340032,0.5855,47627,154,1877,0.00023031338666666665,0.8932201862335205,0.0002703253903746372,0.030498504638671875,0.16395520000000002,0.0017681504,2.748591274023056,220,1.3902411460876465,-0.23723860713653266,15.902412414550781,0.5312244162818875,0.0,68.6,0.8906384630057157,0.48,,,
80,57,7471104,0.578354554358472,47641,156,1902,0.0002290463573333333,0.8880099654197693,-0.0006067036265449133,0.025226593017578125,0.16329984,0.001574645,2.7644165568053722,224,1.3852157592773438,-0.2336639272980392,15.037738800048828,0.5283264746227709,0.0,63.27,0.8949773467824642,0.49,,,
80,58,7602176,0.5848303393213573,47716,159,1898,0.00022777932799999997,0.8904073238372803,0.00047870642902125837,0.031118392944335938,0.16264447999999998,0.00315018,2.6899168826639652,228,1.2868198156356812,-0.22784911678172648,17.873424530029297,0.5299555054208184,0.0,77.59,0.8876595246458261,0.49,,,
80,59,7733248,0.61181640625,47787,161,1928,0.00022651229866666665,0.8906725645065308,0.00045505377875088016,0.033660888671875,0.16198912000000001,0.0018518422,2.693348754197359,232,1.3524976968765259,-0.22583601623773575,16.577392578125,0.529304743339831,0.0,73.62,0.893358434506429,0.41,,,
,,7864320,,,,,0.0002252452693333333,0.8913794755935669,-0.00018937940512842033,0.026350021362304688,0.16133376,0.0016639202,2.638023942708969,236,1.3640471696853638,-0.2221509125083685,,,,,,,190.22,0.0,40.86080551147461
80,60,7864320,0.6164451009354998,47346,166,1889,,,,,,,,,,,14.359627723693848,0.5243120215187254,0.0,61.38,0.8953460253971988,0.5,,,
80,61,7995392,0.6053169734151329,47378,168,1830,0.00022397824000000002,0.8962828516960144,-0.0004509900591074256,0.025936126708984375,0.1606784,0.0017412738,2.6526989489793777,240,1.3769972324371338,-0.22799033857882023,19.167604446411133,0.529873902422922,0.0,83.41,0.8897524117924847,0.47,,,
80,62,8126464,0.6165723108594956,47404,171,1828,0.00022271121066666668,0.889561116695404,0.000474019298053463,0.03513908386230469,0.16002304,0.0029127481,2.711755845695734,244,1.3515113592147827,-0.22806532494723797,16.24850082397461,0.528651595318262,0.0,72.51,0.8876192019882757,0.45,,,
80,63,8257536,0.6072727272727273,47414,174,1832,0.00022144418133333333,0.8915642499923706,0.0003264826145823463,0.03312873840332031,0.15936768,0.002450083,2.645441673696041,248,1.3254905939102173,-0.22497207042761147,14.87763786315918,0.5156065156065156,0.0,63.37,0.8794476791201683,0.49,,,
80,64,8388608,0.6075509190263289,47434,176,1902,0.000220177152,0.8830471634864807,-0.0006115990363468882,0.02976226806640625,0.15871232000000002,0.0019441408,2.8137000016868114,252,1.3798786401748657,-0.22114244452677667,16.687782287597656,0.536894220698848,0.0,73.23,0.8918682089029092,0.49,,,
80,65,8519680,0.615225271879855,47475,179,1792,0.00021891012266666665,0.895628809928894,1.550733759358991e-05,0.030094146728515625,0.15805696,0.0020839276,2.6063688546419144,256,1.3517204523086548,-0.22062795818783343,18.96973419189453,0.5298382408262371,0.0,81.28,0.8919684193121693,0.47,,,
80,66,8650752,0.6024217961654894,47497,182,1848,0.0002176430933333333,0.8853931427001953,0.00029782541787426453,0.0344085693359375,0.1574016,0.003037094,2.7858587838709354,260,1.425673484802246,-0.22035012277774513,14.4502592086792,0.5350131552317344,0.0,60.75,0.8938792688792689,0.49,,,
80,67,8781824,0.6163287086446104,47513,184,1782,0.00021637606399999996,0.8894988894462585,0.0009746307787281694,0.04073905944824219,0.15674624,0.0030847602,2.7282000593841076,264,1.2865240573883057,-0.2199996344279498,16.500463485717773,0.5250242072137496,0.0,70.55,0.8792728381205748,0.52,,,
80,68,8912896,0.6360406091370558,47561,187,1846,0.00021510903466666668,0.8910037875175476,0.000303848786643357,0.036296844482421875,0.15609088000000002,0.0024374719,2.624525859951973,268,1.3149532079696655,-0.21391157526522875,15.591651916503906,0.5359206724454951,0.0,69.36,0.8937576073726308,0.52,,,
80,69,9043968,0.6239795918367347,47570,190,1827,0.00021384200533333333,0.8966403603553772,0.00019675476141856052,0.03440093994140625,0.15543552,0.0023041244,2.57422798499465,272,1.276702642440796,-0.21242475463077426,15.075661659240723,0.5335889931711911,0.0,65.35,0.894017717772507,0.43,,,
,,9175040,,,,,0.000212574976,0.887580931186676,-0.0004975854799340595,0.0266571044921875,0.15478016,0.0022494341,2.772262029349804,276,1.3989949226379395,-0.21297178254462779,,,,,,,183.89,0.0,40.99713897705078
80,70,9175040,0.6104092976250631,47243,194,1879,,,,,,,,,,,18.013412475585938,0.5200925925925926,0.0,77.6,0.8852554878809978,0.41,,,
80,71,9306112,0.6268166901078294,47289,196,2034,0.00021130794666666665,0.8820109963417053,0.000773352829128271,0.045322418212890625,0.1541248,0.0020694039,2.8510683365166187,280,1.4210994243621826,-0.20841931691393256,14.959568977355957,0.5372063667990518,0.0,61.44,0.8959418284229822,0.48,,,
80,72,9437184,0.6350401606425703,47346,199,1846,0.0002100409173333333,0.8846155405044556,-4.1317798604723066e-07,0.03334999084472656,0.15346943999999998,0.0033869026,2.848662309348583,284,1.5048819780349731,-0.19852604973129928,16.154067993164062,0.5297133291483574,0.0,66.94,0.8978772922434894,0.56,,,
80,73,9568256,0.6251256281407035,47347,202,1844,0.000208773888,0.8956009745597839,-0.0003056443338209647,0.029710769653320312,0.15281408000000002,0.0017618694,2.5529604218900204,288,1.3263598680496216,-0.19975560158491135,15.181458473205566,0.5292250819557788,0.0,69.55,0.897960686644707,0.48,,,
80,74,9699328,0.6396907216494845,47374,204,1820,0.00020750685866666665,0.8897047638893127,-0.00022830463967693504,0.029054641723632812,0.15215872,0.002289229,2.6450565941631794,292,1.274912714958191,-0.1981948665343225,16.39999008178711,0.5226445743989604,0.0,71.02,0.8890584723918057,0.5,,,
80,75,9830400,0.658487731597396,47404,207,1857,0.00020623982933333333,0.8907508254051208,0.0004718910013252753,0.039989471435546875,0.15150336,0.0029193102,2.627753257751465,296,1.3461061716079712,-0.1935426949057728,15.82532024383545,0.5406378600823045,0.0,65.69,0.8996390035700752,0.54,,,
80,76,9961472,0.6742620403935785,47430,210,1808,0.0002049728,0.8937293291091919,0.001045697459630901,0.04123497009277344,0.150848,0.0018615942,2.5189521722495556,300,1.2543625831604004,-0.19344272115267813,15.397378921508789,0.5329272685594524,0.0,63.63,0.8928629957391019,0.49,,,
80,77,10092544,0.6617790811339198,47434,212,1923,0.00020370577066666665,0.8899803161621094,0.0005127145659571397,0.03871917724609375,0.15019264,0.0015569886,2.568710148334503,304,1.249274730682373,-0.19142846739850938,15.429468154907227,0.5246094901267315,0.0,61.54,0.8968176010991057,0.55,,,
80,78,10223616,0.6624171341152473,47427,215,1818,0.0002024387413333333,0.8792305588722229,-4.407478991197422e-05,0.030954360961914062,0.14953728,0.002404529,2.7948894277215004,308,1.36387038230896,-0.1845305406022817,17.562610626220703,0.5274060241380503,0.0,68.4,0.8970310611308043,0.57,,,
80,79,10354688,0.6664992466097438,47436,218,1831,0.00020117171199999996,0.8881867527961731,-0.00016967028204817325,0.029636383056640625,0.14888192,0.0017745653,2.6453848481178284,312,1.292657494544983,-0.18572656903415918,17.389989852905273,0.5237109658678286,0.0,71.02,0.9018076878990768,0.6,,,
,,10485760,,,,,0.00019990468266666667,0.8870478272438049,0.001637578172449139,0.04786109924316406,0.14822656,0.0019170705,2.610912051051855,316,1.278031826019287,-0.18668168387375772,,,,,,,190.24,0.0,42.56080627441406
80,80,10485760,0.6815189873417722,47094,222,1870,,,,,,,,,,,18.388643264770508,0.5367713705266448,0.0,72.37,0.8931009440813363,0.56,,,
80,81,10616832,0.6898024559530166,47150,225,1751,0.00019863765333333333,0.8871968984603882,0.0007458968302671565,0.0384063720703125,0.1475712,0.0038069508,2.648235734552145,320,1.330393671989441,-0.18254028260707855,19.31988525390625,0.5266183290874649,0.0,81.13,0.8884729008467823,0.47,,,
80,82,10747904,0.6750629722921915,47163,227,1808,0.000197370624,0.8838725686073303,-0.00048539877843722934,0.03243827819824219,0.14691584000000002,0.0025407942,2.580237578600645,324,1.3886206150054932,-0.1788420162629336,17.082992553710938,0.5268508963039408,0.0,78.02,0.9059597946028625,0.5,,,
80,83,10878976,0.684400826446281,47175,230,1812,0.00019610359466666665,0.8861784934997559,1.9159413568559103e-05,0.035411834716796875,0.14626048,0.0018920742,2.5554281771183014,328,1.2830578088760376,-0.17811286495998502,19.279964447021484,0.535428158655109,0.0,81.05,0.8943735862426075,0.56,,,
80,84,11010048,0.6703614457831325,47198,233,1946,0.0001948365653333333,0.8904404640197754,0.0011000365302606951,0.04604339599609375,0.14560512,0.0026321535,2.5055548138916492,332,1.2086015939712524,-0.17774036200717092,16.217849731445312,0.5284017170809624,0.0,63.16,0.899737352974763,0.51,,,
80,85,11141120,0.6903225806451613,47199,236,1837,0.00019356953599999996,0.8757039308547974,0.00420422431670886,0.07262420654296875,0.14494975999999998,0.0063665416,2.823963899165392,336,1.3308597803115845,-0.17578435502946377,16.8563289642334,0.5258415765662142,0.0,64.68,0.9082911617841757,0.57,,,
80,86,11272192,0.6781901372648703,47222,238,1843,0.00019230250666666662,0.8860572576522827,0.0024309827713295817,0.056056976318359375,0.1442944,0.0020525819,2.54729562997818,340,1.21279776096344,-0.1766536182258278,17.261890411376953,0.5327685841870239,0.0,69.12,0.8958488240456047,0.56,,,
80,87,11403264,0.6915699141847552,47230,241,1866,0.00019103547733333333,0.8839342594146729,0.0005131955113029107,0.044574737548828125,0.14363904,0.0026006803,2.5618166849017143,344,1.289035439491272,-0.17681981227360666,14.889448165893555,0.5246753246753246,0.0,61.56,0.8932158310507721,0.56,,,
80,88,11534336,0.6867219917012448,47245,244,1791,0.000189768448,0.8805216550827026,0.0011275052747805603,0.06073188781738281,0.14298368,0.0029564267,2.6539947018027306,348,1.3131310939788818,-0.17569035780616105,18.701927185058594,0.5289936401047511,0.0,79.09,0.8963886648606545,0.53,,,
80,89,11665408,0.7060353798126952,47257,246,1761,0.00018850141866666667,0.8758483529090881,0.0012245887519384269,0.057918548583984375,0.14232832,0.0034335894,2.66318054869771,352,1.286102056503296,-0.17188996030017734,15.25546646118164,0.5318838996321789,0.0,65.54,0.9019776922483718,0.61,,,
,,11796480,,,,,0.00018723438933333333,0.8847814202308655,-0.0003079777961829677,0.029590606689453125,0.14167296000000001,0.0015140758,2.4897567443549633,356,1.238452434539795,-0.17066903179511428,,,,,,,184.03,0.0,42.21702194213867
80,90,11796480,0.7290427257977286,47083,250,1737,,,,,,,,,,,18.74881362915039,0.5336006109201985,0.0,72.2,0.8890594682189386,0.62,,,
80,91,11927552,0.7236842105263158,47123,253,1829,0.00018596736,0.8793993592262268,-0.00043012713285861537,0.029024124145507812,0.1410176,0.0018463589,2.5300562232732773,360,1.2185176610946655,-0.16472247382625937,18.158960342407227,0.5438743748469905,0.0,72.05,0.9039818021046379,0.67,,,
80,92,12058624,0.727224294086308,47157,255,1747,0.00018470033066666665,0.887562096118927,-0.0003367956305737607,0.024061203002929688,0.14036224,0.0011786846,2.5078996047377586,364,1.251462459564209,-0.16435003490187228,16.380817413330078,0.5369035702369036,0.0,70.19,0.895291399012063,0.55,,,
80,93,12189696,0.7232736572890025,47186,258,1798,0.0001834333013333333,0.8871225118637085,-0.0005641807283609523,0.02112579345703125,0.13970687999999998,0.0012830541,2.490842390805483,368,1.2110438346862793,-0.16430857707746327,17.50210952758789,0.5264010366051182,0.0,68.9,0.902147791098477,0.71,,,
80,94,12320768,0.7403896787783044,47202,261,1757,0.000182166272,0.8825773596763611,-0.00034861565836763475,0.023874282836914062,0.13905152,0.0013332866,2.580725509673357,372,1.3593217134475708,-0.16224875464104116,19.306875228881836,0.5398993034002345,0.0,84.14,0.8990984913959681,0.52,,,
80,95,12451840,0.7381572097865695,47210,263,1797,0.00018089924266666665,0.8847692012786865,0.0008514837409165921,0.04104804992675781,0.13839616,0.0043189265,2.5131662376224995,376,1.2235910892486572,-0.1635315443854779,16.064468383789062,0.5230496453900709,0.0,66.54,0.8936155595402488,0.63,,,
80,96,12582912,0.7320295983086681,47227,266,1755,0.00017963221333333336,0.8781653642654419,0.0033004512697516475,0.06022834777832031,0.1377408,0.0032699336,2.5821957625448704,380,1.250851035118103,-0.15725161228328943,20.035985946655273,0.548413427201306,0.0,85.03,0.8997502725897787,0.56,,,
80,97,12713984,0.7285564853556485,47251,269,1774,0.00017836518400000001,0.8857027292251587,0.0024190851727325935,0.056743621826171875,0.13708544,0.0037705803,2.358960587531328,384,1.1419728994369507,-0.15413346723653376,17.429481506347656,0.5334902121274128,0.0,71.53,0.8973234790596684,0.57,,,
80,98,12845056,0.7334710743801653,47259,271,1790,0.00017709815466666667,0.8836560845375061,0.0014581447176169604,0.04578971862792969,0.13643008,0.001668161,2.4695795327425003,388,1.2627404928207397,-0.15413431846536696,19.591175079345703,0.5286670851642603,0.0,79.84,0.8999103386440442,0.64,,,
80,99,12976128,0.7495881383855024,47266,274,1657,0.00017583112533333333,0.8837752938270569,0.0011223540095670614,0.049266815185546875,0.13577472000000002,0.002331778,2.4285853132605553,392,1.1258431673049927,-0.15227067423984408,19.289430618286133,0.5276308054085832,0.0,81.58,0.8975316092596318,0.6,,,
,,13107200,,,,,0.000174564096,0.889880895614624,-0.00011061028271797113,0.03167724609375,0.13511936,0.0024945696,2.344399154186249,396,1.1110438108444214,-0.15307420655153692,,,,,,,182.65,0.0,42.398399353027344
80,100,13107200,0.7609832635983264,47033,278,1782,,,,,,,,,,,18.73534393310547,0.5315982649315982,0.0,75.67,0.8965304623740838,0.65,,,
80,101,13238272,0.7420886075949367,47057,281,1766,0.00017329706666666667,0.8823335766792297,0.002190729419453419,0.061580657958984375,0.134464,0.005760902,2.5161730013787746,400,1.2892268896102905,-0.15109263523481786,16.290498733520508,0.5338672005338673,0.0,70.51,0.895593026019602,0.64,,,
80,102,13369344,0.7224294086307939,47061,284,1733,0.00017203003733333336,0.8922642469406128,0.0036016808007843792,0.056865692138671875,0.13380864,0.015940495,2.3308696523308754,404,1.1637988090515137,-0.1483204043470323,19.652875900268555,0.5227840199750311,0.0,88.14,0.8952576350152808,0.56,,,
80,103,13500416,0.7090620031796503,47065,286,1744,0.000170763008,0.8831443786621094,0.0006317305778793525,0.039836883544921875,0.13315328,0.0012769644,2.533441748470068,408,1.1759774684906006,-0.15053265867754817,18.069499969482422,0.5236366151398831,0.0,71.51,0.8958687280552723,0.6,,,
80,104,13631488,0.7369565217391304,47092,289,1700,0.00016949597866666667,0.8896377682685852,0.0002036558053077897,0.04176139831542969,0.13249792,0.0021596486,2.4698439352214336,412,1.2926087379455566,-0.15295130666345358,17.608551025390625,0.5284293552812072,0.0,72.46,0.8940813362381989,0.54,,,
80,105,13762560,0.7335120643431635,47103,292,1750,0.00016822894933333333,0.8940167427062988,-0.0005962431205261964,0.023965835571289062,0.13184256,0.0013785907,2.3270573392510414,416,1.1466474533081055,-0.15109517076052725,19.19493293762207,0.5336219336219337,0.0,76.08,0.8909770723104056,0.58,,,
80,106,13893632,0.7453183520599251,47126,294,1720,0.00016696191999999999,0.8890507221221924,0.002959517236376996,0.05853271484375,0.1311872,0.009715243,2.433935586363077,420,1.1837174892425537,-0.14990809210576117,17.759729385375977,0.5280855404312195,0.0,71.28,0.8975882859603789,0.64,,,
80,107,14024704,0.7713513513513514,47144,297,1715,0.00016569489066666664,0.8880857825279236,0.0008348671053681755,0.04511451721191406,0.13053183999999998,0.0020980306,2.3563376516103745,424,1.1679855585098267,-0.1460454270709306,20.184776306152344,0.5396583798410282,0.0,86.24,0.8971601338948277,0.63,,,
80,108,14155776,0.7883597883597884,47168,300,1736,0.00016442786133333333,0.8879213333129883,-0.0002598368919279892,0.0314788818359375,0.12987648000000002,0.0021850967,2.2710929326713085,428,1.1626496315002441,-0.14030713820829988,16.447555541992188,0.5458146007278956,0.0,63.45,0.9043849917505831,0.7,,,
80,109,14286848,0.7670514165792235,47178,302,1749,0.000163160832,0.8874118328094482,0.000988541394690401,0.04937934875488281,0.12922112000000002,0.003062936,2.261857770383358,432,1.0993759632110596,-0.1398902025539428,18.789182662963867,0.5370190404204009,0.0,81.83,0.9038886418341344,0.61,,,
,,14417920,,,,,0.00016189380266666667,0.8914102911949158,0.0005775439440185437,0.03914833068847656,0.12856576,0.0031242108,2.340869218111038,436,1.1283639669418335,-0.14123185793869197,,,,,,,185.36,0.0,42.145694732666016
80,110,14417920,0.7647058823529411,46945,307,1717,,,,,,,,,,,20.408935546875,0.5336748852598996,0.0,82.08,0.9002710728589198,0.65,,,
80,111,14548992,0.7638004246284501,46954,309,1734,0.00016062677333333333,0.8871527910232544,0.0016698994586477056,0.05481147766113281,0.1279104,0.0032052528,2.332885604351759,440,1.0524259805679321,-0.13894398300908506,19.693744659423828,0.5416931216931218,0.0,77.27,0.9015478377262307,0.62,,,
80,112,14680064,0.7449306296691569,46982,312,1762,0.00015935974399999999,0.8924007415771484,-0.00012729961235891096,0.02972412109375,0.12725503999999999,0.0019825143,2.333396516740322,444,1.0705429315567017,-0.14288631966337562,18.979324340820312,0.5426689576174112,0.0,81.69,0.8930928658510952,0.57,,,
80,113,14811136,0.766897285790314,47002,315,1690,0.00015809271466666664,0.8909551501274109,6.144407234387472e-05,0.03388023376464844,0.12659968,0.0017343299,2.4054977893829346,448,1.223890781402588,-0.13951935502700508,18.16315269470215,0.5336032710094875,0.0,77.86,0.9084885674629265,0.59,,,
80,114,14942208,0.7675040085515767,47031,317,1741,0.00015682568533333335,0.898178219795227,-0.00048716361561673693,0.022169113159179688,0.12594432,0.00092512014,2.2180936075747013,452,1.0789802074432373,-0.13896734453737736,19.558313369750977,0.5422088755422089,0.0,82.7,0.8974620801157275,0.51,,,
80,115,15073280,0.7591201716738197,47045,320,1713,0.000155558656,0.8902407288551331,-0.0007932391126814764,0.018278121948242188,0.12528896,0.000820798,2.3882797472178936,456,1.1374177932739258,-0.14198267762549222,20.05016326904297,0.5353567512115744,0.0,80.85,0.8993679415940555,0.66,,,
80,116,15204352,0.7711682743837085,47066,323,1732,0.00015429162666666667,0.9006445407867432,0.00034061973929055966,0.04109382629394531,0.1246336,0.0011789995,2.196950688958168,460,1.0504716634750366,-0.13808055128902197,19.221542358398438,0.5396343520205087,0.0,79.47,0.8977062127562513,0.66,,,
80,117,15335424,0.7675176534492124,47086,325,1676,0.00015302459733333335,0.8929601311683655,0.00047273172458517365,0.041896820068359375,0.12397824,0.0022839897,2.2973273061215878,464,1.150501012802124,-0.1359517890959978,15.027688026428223,0.5518334254652663,0.0,63.32,0.9046303662453224,0.57,,,
80,118,15466496,0.7681912681912682,47099,328,1786,0.000151757568,0.8943765163421631,-0.00012005435655737529,0.029607772827148438,0.12332288,0.001074759,2.2234643511474133,468,1.0764422416687012,-0.1299792155623436,17.304859161376953,0.543073460200532,0.0,66.15,0.9018981654293339,0.7,,,
80,119,15597568,0.7886872998932765,47120,331,1679,0.00015049053866666667,0.8997845649719238,0.000585097974180826,0.0406646728515625,0.12266752,0.0021638018,2.200130809098482,472,1.1016840934753418,-0.13072287023533136,18.00493049621582,0.5426836672738312,0.0,76.08,0.9120361179126316,0.61,,,
,,15728640,,,,,0.00014922350933333333,0.9022927284240723,-0.0003539454919518903,0.023073196411132812,0.12201216,0.00085793325,2.154309855774045,476,1.0497304201126099,-0.13263514847494662,,,,,,,185.55,0.0,41.5155029296875
80,120,15728640,0.7851373182552503,46848,335,1720,,,,,,,,,,,18.12360191345215,0.5483113967962453,0.0,67.41,0.8997846683893195,0.66,,,
80,121,15859712,0.7566579634464752,46869,338,1758,0.00014795648,0.9013412594795227,0.0001275411423193873,0.034481048583984375,0.1213568,0.0018490299,2.161396622657776,480,1.015391230583191,-0.13316708989441395,16.305498123168945,0.5373069862865781,0.0,65.51,0.9042121378109244,0.65,,,
80,122,15990784,0.7767616998386229,46893,340,1732,0.00014668945066666667,0.890227735042572,0.0018480472126611858,0.051849365234375,0.12070144,0.003561774,2.38770966604352,484,1.2104721069335938,-0.13278174214065075,19.93896484375,0.5368218978585377,0.0,82.05,0.8951900322185157,0.58,,,
80,123,16121856,0.7810492505353319,46906,343,1720,0.00014542242133333333,0.8979812860488892,0.00022461912885773927,0.04071044921875,0.12004608,0.0014735216,2.260443292558193,488,1.1441981792449951,-0.13333229650743306,19.159671783447266,0.5311798540965207,0.0,71.34,0.8992822279643985,0.63,,,
80,124,16252928,0.7922288181327577,46928,346,1696,0.000144155392,0.9000269174575806,-0.00045815577777830185,0.021337509155273438,0.11939072,0.00076192495,2.212998326867819,492,1.1376430988311768,-0.1325670857913792,19.150680541992188,0.5361911960551417,0.0,70.33,0.9017586769159095,0.68,,,
80,125,16384000,0.7800320341697811,46942,349,1733,0.00014288836266666667,0.8959201574325562,-0.0003253279937780462,0.030986785888671875,0.11873536,0.0013363783,2.178841285407543,496,1.071987509727478,-0.13054753583855927,18.863361358642578,0.5430041152263375,0.0,77.65,0.900650409979127,0.64,,,
80,126,16515072,0.7446808510638298,46961,351,1732,0.00014162133333333333,0.8969661593437195,0.002736254527917481,0.05080986022949219,0.11807999999999999,0.009250602,2.2322481349110603,500,1.1494132280349731,-0.1320140811149031,19.270063400268555,0.5363706509539843,0.0,80.95,0.8994240583924955,0.64,,,
80,127,16646144,0.7642934196332255,46993,354,1693,0.000140354304,0.88923180103302,-0.0003913466271114885,0.02635955810546875,0.11742464000000001,0.0011801611,2.434523344039917,504,1.2002220153808594,-0.1321319891139865,18.14422035217285,0.5348337521395535,0.0,76.79,0.9010012177958623,0.57,,,
80,128,16777216,0.7602403058438012,47023,356,1693,0.00013908727466666667,0.9010622501373291,4.959398393111769e-05,0.037883758544921875,0.11676928,0.0012241879,2.1749483551830053,508,0.9997273683547974,-0.13310312968678772,19.923913955688477,0.5436191255712435,0.0,77.1,0.8970415581953285,0.62,,,
80,129,16908288,0.7844183564567769,47057,359,1728,0.00013782024533333332,0.8966426253318787,-0.00048773026719572954,0.03226470947265625,0.11611392,0.0009944078,2.2821745313704014,512,1.0895142555236816,-0.13298627571202815,16.66095733642578,0.5389900258073516,0.0,70.05,0.8999628486511203,0.59,,,
,,17039360,,,,,0.00013655321599999998,0.893402099609375,-0.0005119499537613592,0.019342422485351562,0.11545855999999999,0.0007666956,2.3026092052459717,516,1.1613012552261353,-0.12920192698948085,,,,,,,184.3,0.0,42.81675338745117
80,130,17039360,0.7696051919956733,46893,363,1730,,,,,,,,,,,20.76513671875,0.5388030199928713,0.0,85.88,0.8929922215085992,0.54,,,
80,131,17170432,0.7642666666666666,46913,366,1700,0.00013528618666666667,0.9010050892829895,-0.0006178759931572131,0.019258499145507812,0.11480320000000001,0.0007052729,2.2918411418795586,520,1.1066213846206665,-0.13217566278763115,18.571887969970703,0.5347008547008547,0.0,69.12,0.9054684095860566,0.72,,,
80,132,17301504,0.7636363636363637,46929,368,1653,0.00013401915733333332,0.8971296548843384,0.000384942470191163,0.035152435302734375,0.11414784,0.0013077448,2.1711268313229084,524,1.0544672012329102,-0.13049512426368892,17.825241088867188,0.5376579735554095,0.0,75.77,0.9001142703502049,0.58,,,
80,133,17432576,0.7712486883525709,46942,371,1791,0.00013275212799999998,0.8911182284355164,-0.00016697060709702782,0.021610260009765625,0.11349247999999999,0.00076679286,2.307708175852895,528,1.1973689794540405,-0.13103125407360494,18.335241317749023,0.5422158088824756,0.0,75.77,0.896057792391312,0.61,,,
80,134,17563648,0.7803261977573904,46940,374,1828,0.0001314850986666667,0.8861934542655945,0.0004826332224183716,0.027782440185546875,0.11283712,0.0011430958,2.4339550770819187,532,1.1903916597366333,-0.1264401173684746,18.95648956298828,0.5445253997166566,0.0,74.52,0.9035510711294811,0.69,,,
80,135,17694720,0.7758007117437722,46950,376,1822,0.00013021806933333335,0.8890374302864075,0.0001802230326575227,0.026020050048828125,0.11218176,0.0007347389,2.395461905747652,536,1.2847718000411987,-0.12475534901022911,19.488061904907227,0.5366371065901583,0.0,72.95,0.9042498407664892,0.61,,,
80,136,17825792,0.7925846319183235,46964,379,1697,0.00012895104,0.8842304944992065,-0.00047386749338329537,0.016107559204101562,0.1115264,0.0005524169,2.4634858556091785,540,1.2388311624526978,-0.12394237006083131,19.32080078125,0.529945620223398,0.0,70.21,0.9022748932393403,0.63,,,
80,137,17956864,0.7901878914405011,46949,382,1764,0.00012768401066666667,0.8889715671539307,-0.00039619318249606295,0.015012741088867188,0.11087103999999999,0.0005358163,2.3432005420327187,544,1.1411616802215576,-0.12564952904358506,18.715883255004883,0.5345537107989216,0.0,75.13,0.9032011981747433,0.61,,,
80,138,18087936,0.7717908082408875,46945,385,1742,0.00012641698133333335,0.8877209424972534,-0.00043432133679743856,0.01726531982421875,0.11021568,0.00061685464,2.393102739006281,548,1.2003902196884155,-0.12556284619495273,17.070478439331055,0.536630230995083,0.0,70.53,0.9020991906564046,0.59,,,
80,139,18219008,0.7843866171003717,46956,387,1745,0.000125149952,0.8879500031471252,-0.0003524550611473387,0.016666412353515625,0.10956032,0.0004806476,2.3371546790003777,552,1.1994956731796265,-0.1214500340865925,20.174123764038086,0.5429370438578541,0.0,86.89,0.9006615019986557,0.59,,,
,,18350080,,,,,0.00012388292266666667,0.898854672908783,-0.00024772912456683116,0.017610549926757812,0.10890496,0.0006377846,2.2565237022936344,556,1.1199069023132324,-0.12322524702176452,,,,,,,184.97,0.0,43.426082611083984
80,140,18350080,0.7824709609292503,46823,391,1738,,,,,,,,,,,20.635984420776367,0.5286749928222797,0.0,85.03,0.9017104945374989,0.58,,,
80,141,18481152,0.78,46846,394,1674,0.00012261589333333335,0.8915349841117859,2.8523889341158792e-05,0.023752212524414062,0.1082496,0.0007499658,2.348478574305773,560,1.2213612794876099,-0.12483715382404625,17.87285804748535,0.525034293552812,0.0,78.15,0.9032184314940188,0.64,,,
80,142,18612224,0.7799385875127943,46857,397,1814,0.00012134886400000001,0.8911881446838379,-0.00025422655016882345,0.02040863037109375,0.10759424,0.0006527533,2.24460581317544,564,1.075168251991272,-0.12240889866370708,19.289100646972656,0.5373456790123458,0.0,81.91,0.9031129622823854,0.66,,,
80,143,18743296,0.7830342577487766,46878,399,1694,0.00012008183466666667,0.8874768614768982,-2.607542774057947e-05,0.023590087890625,0.10693888,0.00091148616,2.3474156595766544,568,1.1615620851516724,-0.11678849090822041,18.008380889892578,0.5430707703008173,0.0,72.63,0.8994125963822934,0.67,,,
76,144,18874368,0.8032171581769437,46897,402,1675,0.00011881480533333332,0.9051350951194763,2.6048037398140877e-06,0.03439903259277344,0.10628351999999999,0.00180817,2.079869883134961,572,1.0659071207046509,-0.11985791195183992,18.106060028076172,0.5306650736758264,0.0,74.95,0.9088778330569375,0.65,,,
76,145,19005440,0.7264682220434433,46902,405,1583,0.00011754777600000001,0.9006343483924866,0.0008182549481716705,0.04558753967285156,0.10562816,0.002746732,2.041057802736759,576,1.1079697608947754,-0.12126479716971517,20.155725479125977,0.5259622367465505,0.0,95.29,0.8888888888888891,0.49,,,
76,146,19136512,0.6393063583815028,46914,407,1565,0.00011628074666666666,0.8851187825202942,0.00031351616053143516,0.039546966552734375,0.10497279999999999,0.0020004346,2.4670946076512337,580,1.2307170629501343,-0.12064178613945842,18.438400268554688,0.5453473373871384,0.0,82.61,0.8884313493472172,0.45,,,
76,147,19267584,0.5872291904218928,46934,410,1583,0.00011501371733333332,0.8785991668701172,0.0019079848225374008,0.049083709716796875,0.10431744,0.0033916365,2.6790564507246017,584,1.3634706735610962,-0.116813879692927,18.453338623046875,0.5431723516829899,0.0,87.67,0.887773644353977,0.53,,,
76,148,19398656,0.6060606060606061,46941,413,1530,0.00011374668800000001,0.8836356997489929,0.0006018825406499673,0.034023284912109375,0.10366208,0.0016254135,2.713263373821974,588,1.3440746068954468,-0.11882103083189577,19.05816078186035,0.5371156719352048,0.0,92.85,0.8900104897926248,0.49,,,
76,149,19529728,0.58913813459268,46968,415,1494,0.00011247965866666666,0.8887753486633301,0.0012155448894191068,0.04321861267089844,0.10300672,0.0024696153,2.6567110307514668,592,1.3664435148239136,-0.11811962025240064,16.472148895263672,0.5191358024691358,0.0,78.86,0.8863933098649743,0.43,,,
,,19660800,,,,,0.00011121262933333332,0.8794997930526733,0.0003097075277764816,0.037693023681640625,0.10235135999999999,0.001852227,2.725187484174967,596,1.3169699907302856,-0.11930276930797845,,,,,,,181.85,0.0,42.179203033447266
76,150,19660800,0.5914742451154529,46833,419,1482,,,,,,,,,,,19.146581649780273,0.5407660219946909,0.0,84.43,0.8943203212209061,0.5,,,
76,151,19791872,0.6263219741480611,46862,422,1533,0.00010994559999999998,0.8918211460113525,0.00031651633071305696,0.03435707092285156,0.101696,0.0015872202,2.519789010286331,600,1.2666085958480835,-0.1174828081857413,19.966514587402344,0.5464548133228899,0.0,94.5,0.8889049954498965,0.4,,,
76,152,19922944,0.6294508147254073,46874,425,1453,0.00010867857066666669,0.8926917314529419,0.00013287032743392047,0.03623390197753906,0.10104064,0.0012390555,2.506919238716364,604,1.2271709442138672,-0.11621067964006215,19.05358123779297,0.5432515849182515,0.0,87.43,0.8933496469628609,0.52,,,
76,153,20054016,0.6144219308700835,46883,427,1510,0.00010741154133333335,0.8945081233978271,0.0007668941625524894,0.03501319885253906,0.10038528,0.0017684598,2.4549465402960777,608,1.1537290811538696,-0.11859692528378218,16.933738708496094,0.5364420645545144,0.0,77.27,0.8853323522197694,0.5,,,
76,154,20185088,0.6132020845396642,46896,430,1541,0.000106144512,0.8741934299468994,0.0008871837417245843,0.0366973876953125,0.09972991999999999,0.0015707772,2.758556567132473,612,1.3415101766586304,-0.1136962891323492,20.647071838378906,0.5452150664464889,0.0,93.94,0.8931830381105742,0.48,,,
76,155,20316160,0.6228070175438597,46920,432,1520,0.00010487748266666669,0.8859278559684753,0.0001450698709959397,0.030118942260742188,0.09907456,0.0008186395,2.563189011067152,616,1.2045128345489502,-0.11262404976878315,18.841909408569336,0.5464356829948227,0.0,79.1,0.894996751137102,0.51,,,
76,156,20447232,0.6289752650176679,46910,435,1492,0.00010361045333333335,0.8827037811279297,6.915288759046234e-05,0.027269363403320312,0.0984192,0.00078042736,2.633764870464802,620,1.2844750881195068,-0.10871329775545746,17.412416458129883,0.5406063660031915,0.0,78.59,0.8974944560288619,0.5,,,
76,157,20578304,0.6356680400235433,46918,438,1498,0.000102343424,0.8865315914154053,0.00018309216375200776,0.030918121337890625,0.09776383999999999,0.0010020813,2.5380982980132103,624,1.228849172592163,-0.1103184282546863,18.184490203857422,0.5412692514141789,0.0,86.52,0.8962897031432857,0.53,,,
76,158,20709376,0.6363636363636364,46938,441,1506,0.00010107639466666669,0.8852261900901794,-5.428154872788582e-05,0.028059005737304688,0.09710848000000001,0.0009592314,2.597722191363573,628,1.180474877357483,-0.1124050262151286,19.095129013061523,0.537335036185611,0.0,85.88,0.8985867230665814,0.54,,,
76,159,20840448,0.6308243727598566,46959,443,1517,9.980936533333335e-05,0.8806579113006592,-0.00024756382299528923,0.021661758422851562,0.09645312,0.00049468386,2.596040293574333,632,1.327597737312317,-0.11051096895243973,21.14830780029297,0.5464132743044308,0.0,92.71,0.8850964785924136,0.41,,,
,,20971520,,,,,9.8542336e-05,0.8886803388595581,3.0748298740945756e-05,0.03181648254394531,0.09579776,0.00075830333,2.563859160989523,636,1.227966070175171,-0.10963498405180871,,,,,,,175.65,0.0,40.36539840698242
76,160,20971520,0.6297619047619047,46823,447,1457,,,,,,,,,,,18.994949340820312,0.5398226144315194,0.0,86.06,0.9001584517484769,0.53,,,
76,161,21102592,0.643107476635514,46844,450,1503,9.727530666666666e-05,0.891463041305542,0.0001909688335217652,0.03326988220214844,0.09514239999999999,0.0009711513,2.45125512778759,640,1.2067360877990723,-0.108819899847731,19.522859573364258,0.541300750922744,0.0,88.15,0.8995917629761053,0.51,,,
76,162,21233664,0.6291469194312796,46850,453,1489,9.600827733333335e-05,0.8923428654670715,0.0001357804376311833,0.030858993530273438,0.09448704,0.0007969746,2.4429675340652466,644,1.182064414024353,-0.11284689896274358,20.475934982299805,0.5400106640416718,0.0,95.08,0.8939963021001748,0.42,,,
76,163,21364736,0.6270207852193995,46865,455,1576,9.4741248e-05,0.8869553804397583,-0.0001091106441890588,0.024137496948242188,0.09383168,0.00058144634,2.5402377918362617,648,1.2646265029907227,-0.1105948833283037,21.685983657836914,0.5371805914441573,0.0,95.03,0.8868599987466315,0.53,,,
76,164,21495808,0.65055329062318,46876,458,1506,9.347421866666666e-05,0.8824402093887329,3.279487464169506e-05,0.029529571533203125,0.09317631999999999,0.00095985294,2.7077904865145683,652,1.348405122756958,-0.10997499979566783,19.359277725219727,0.5375710196932804,0.0,91.73,0.9000786975554573,0.57,,,
76,165,21626880,0.6391566265060241,46881,461,1460,9.220718933333335e-05,0.8873037099838257,0.00011563215684873285,0.02367401123046875,0.09252096,0.00059624854,2.528554156422615,656,1.2354968786239624,-0.10878458898514509,18.466659545898438,0.5348971193415638,0.0,84.35,0.8926686960933535,0.55,,,
76,166,21757952,0.6406799531066822,46902,463,1497,9.094016e-05,0.8861074447631836,-0.00032053776249085786,0.016607284545898438,0.09186559999999999,0.00036861436,2.5458606146275997,660,1.2323527336120605,-0.11013177142012864,20.39995574951172,0.5339187985236096,0.0,101.06,0.8972183049226023,0.4,,,
76,167,21889024,0.6267361111111112,46935,466,1546,8.967313066666666e-05,0.8790443539619446,6.086413122829981e-05,0.026098251342773438,0.09121024,0.0006730488,2.5591394044458866,664,1.233283281326294,-0.10734222258906811,17.96875762939453,0.5491109558195513,0.0,82.25,0.8948221615319503,0.59,,,
76,168,22020096,0.6387249114521841,46956,468,1483,8.840610133333332e-05,0.8866770267486572,0.0008208748140532407,0.036834716796875,0.09055487999999999,0.001318607,2.5176389291882515,668,1.2672582864761353,-0.10818850959185511,20.4769229888916,0.5352214960058097,0.0,94.09,0.897305262106341,0.39,,,
76,169,22151168,0.6419895893580104,46962,471,1536,8.713907200000003e-05,0.8905230164527893,6.667293382633943e-05,0.02413177490234375,0.08989952,0.00046124173,2.4816660210490227,672,1.2332226037979126,-0.11043921555392444,21.758502960205078,0.5314271926649776,0.0,102.51,0.8949652777777777,0.42,,,
,,22282240,,,,,8.587204266666669e-05,0.8801755905151367,-0.0002807184609991964,0.021131515502929688,0.08924415999999999,0.00055002136,2.6009952276945114,676,1.3269513845443726,-0.10732187959365547,,,,,,,181.77,0.0,42.20928192138672
76,170,22282240,0.6346604215456675,46842,475,1498,,,,,,,,,,,20.9626522064209,0.5411238825031929,0.0,88.36,0.8988198256111029,0.58,,,
76,171,22413312,0.6336633663366337,46864,478,1514,8.460501333333335e-05,0.8898756504058838,-0.00017326373927062377,0.0240631103515625,0.0885888,0.0006700611,2.4835719987750053,680,1.1821551322937012,-0.10683824541047215,19.44428825378418,0.5330672984993974,0.0,86.72,0.897084006066833,0.51,,,
76,172,22544384,0.6415981198589894,46872,480,1496,8.333798400000003e-05,0.8825836777687073,-8.208511917473515e-05,0.022954940795898438,0.08793344,0.0006354364,2.5640378445386887,684,1.3145724534988403,-0.10699634719640017,22.312488555908203,0.5304442764760224,0.0,98.53,0.8960685284214696,0.47,,,
76,173,22675456,0.6236054022313564,46888,483,1510,8.207095466666669e-05,0.8841022849082947,0.0009514675393802463,0.03759956359863281,0.08727808,0.0018901385,2.5597760006785393,688,1.2666808366775513,-0.10807441757060587,19.0427303314209,0.5416013190171713,0.0,88.28,0.8948982094677459,0.46,,,
76,174,22806528,0.6684491978609626,46904,486,1464,8.080392533333335e-05,0.8860675692558289,0.00013736071105086012,0.028408050537109375,0.08662271999999999,0.00073993695,2.519939534366131,692,1.2118372917175293,-0.10599282558541745,20.47595977783203,0.5387285268661306,0.0,85.05,0.9019850907373677,0.57,,,
76,175,22937600,0.6662756598240469,46924,488,1499,7.9536896e-05,0.8860587477684021,0.00020053022308275104,0.028230667114257812,0.08596735999999999,0.000596827,2.4131451211869717,696,1.211527705192566,-0.1047643116908148,20.169771194458008,0.5388426975728563,0.0,91.24,0.899809749709683,0.55,,,
76,176,23068672,0.6676401869158879,46935,491,1513,7.826986666666669e-05,0.8809704780578613,3.776619087147992e-05,0.023588180541992188,0.085312,0.00064882863,2.4620562717318535,700,1.1735810041427612,-0.10294099664315581,19.194311141967773,0.5371395758992659,0.0,86.7,0.8981338686119474,0.57,,,
76,177,23199744,0.657010428736964,46947,494,1517,7.700283733333335e-05,0.8852176666259766,-0.0002891492613343871,0.014333724975585938,0.08465663999999999,0.00035320717,2.4916608557105064,704,1.214813470840454,-0.10362103907391429,20.087444305419922,0.530821772517076,0.0,83.57,0.8990453868502648,0.53,,,
76,178,23330816,0.644496762801648,46962,496,1461,7.5735808e-05,0.8854194283485413,0.00011565731074369978,0.027929306030273438,0.08400127999999998,0.00068364746,2.4975937008857727,708,1.2376952171325684,-0.1040052087046206,18.52297019958496,0.5353406841956461,0.0,88.04,0.9058399033302068,0.47,,,
76,179,23461888,0.6435045317220544,46973,499,1445,7.446877866666669e-05,0.8816305994987488,-0.00019417674775468186,0.0194549560546875,0.08334592,0.00042618334,2.497099295258522,712,1.2316970825195312,-0.10670546640176326,19.120519638061523,0.538058748403576,0.0,90.49,0.8961937716262975,0.55,,,
,,23592960,,,,,7.320174933333334e-05,0.8830486536026001,6.402719918696675e-05,0.025302886962890625,0.08269056,0.0004927292,2.4267625473439693,716,1.1842567920684814,-0.1060240991646424,,,,,,,176.17,0.0,40.944881439208984
76,180,23592960,0.6626722588376274,46867,503,1478,,,,,,,,,,,17.89153480529785,0.5510008390267289,0.0,79.47,0.8963898494796104,0.61,,,
76,181,23724032,0.679673849737915,46881,506,1504,7.193472e-05,0.8925930261611938,-0.00017338377801934257,0.022962570190429688,0.08203519999999999,0.00034751504,2.3449548482894897,720,1.152995228767395,-0.10277926386334002,19.78478240966797,0.5442422678195037,0.0,86.23,0.9032949172576832,0.51,,,
76,182,23855104,0.6458333333333334,46895,508,1537,7.066769066666666e-05,0.8891286253929138,-0.00022430120225180872,0.01214599609375,0.08137983999999998,0.00022285237,2.5324652418494225,724,1.2792054414749146,-0.10636664868798107,19.644132614135742,0.5354588677134524,0.0,86.88,0.8961260110685397,0.53,,,
76,183,23986176,0.6417016177351708,46918,511,1454,6.940066133333334e-05,0.8868311047554016,-0.0001375831907353131,0.022495269775390625,0.08072448,0.00047169515,2.5327880904078484,728,1.2828900814056396,-0.10624072304926813,18.578407287597656,0.5339397877409574,0.0,82.6,0.8984835362643708,0.55,,,
76,184,24117248,0.6471976401179941,46933,513,1506,6.8133632e-05,0.8838157057762146,-5.4811325753689744e-05,0.025386810302734375,0.08006912,0.0004832365,2.5224456265568733,732,1.233018398284912,-0.10529661050532013,21.19611358642578,0.5462665237584852,0.0,94.9,0.8958732969357139,0.52,,,
76,185,24248320,0.6566125290023201,46935,516,1510,6.686660266666666e-05,0.8832547664642334,-1.8804032151820138e-05,0.023517608642578125,0.07941375999999999,0.0004669173,2.556258600205183,736,1.2697011232376099,-0.10442444437649101,18.9521484375,0.5318138651471984,0.0,78.86,0.9009402338320661,0.65,,,
76,186,24379392,0.6745742092457421,46934,519,1464,6.559957333333337e-05,0.8888035416603088,-0.0001505182381151826,0.019306182861328125,0.0787584,0.00037921994,2.5065575763583183,740,1.21177339553833,-0.10475564340595156,20.14699363708496,0.5377314814814815,0.0,94.02,0.8895466504756122,0.42,,,
76,187,24510464,0.6637478108581436,46934,522,1475,6.433254400000003e-05,0.8928219676017761,-0.00016884383694559801,0.026119232177734375,0.07810304,0.00040861353,2.399807993322611,744,1.2048133611679077,-0.10756845900323242,19.279617309570312,0.5363302233531242,0.0,81.39,0.9065160075329568,0.63,,,
76,188,24641536,0.6514320536258379,46937,524,1473,6.306551466666669e-05,0.883388340473175,-0.00014376247963809874,0.026060104370117188,0.07744767999999999,0.00048253767,2.465468857437372,748,1.2026326656341553,-0.10674295458011329,22.1532039642334,0.5380410531012941,0.0,97.81,0.8853854986464174,0.52,,,
76,189,24772608,0.6767317939609236,46949,527,1472,6.179848533333334e-05,0.882447361946106,-1.3915322597313207e-05,0.026029586791992188,0.07679231999999998,0.00037439287,2.5720243602991104,752,1.273788571357727,-0.10517765721306205,18.328359603881836,0.5555991798630198,0.0,82.65,0.9045474369296833,0.56,,,
,,24903680,,,,,6.053145600000003e-05,0.8897877335548401,0.0002571955974417506,0.023683547973632812,0.07613695999999999,0.0003006924,2.3444592654705048,756,1.1659823656082153,-0.10359285632148385,,,,,,,180.57,0.0,41.76048278808594
76,190,24903680,0.6487628243814122,46852,531,1459,,,,,,,,,,,19.026697158813477,0.5387539857738534,0.0,84.31,0.8948205687981791,0.61,,,
76,191,25034752,0.6496478873239436,46865,534,1501,5.9264426666666686e-05,0.8838708400726318,-0.000286778318695724,0.021871566772460938,0.0754816,0.0004242471,2.48576832190156,760,1.2910863161087036,-0.10458108689635992,18.902278900146484,0.5428357650579873,0.0,78.73,0.8992276753769092,0.6,,,
76,192,25165824,0.6512455516014235,46886,536,1493,5.799739733333334e-05,0.8810810446739197,-0.00026094799977727234,0.018316268920898438,0.07482623999999999,0.00039223273,2.5856742560863495,764,1.3062416315078735,-0.1049096699571237,20.20940399169922,0.5423251699038887,0.0,91.61,0.8960416098170062,0.51,,,
76,193,25296896,0.6725873297809355,46901,539,1469,5.673036800000003e-05,0.8828164935112,-0.0002771971030597342,0.020868301391601562,0.07417088,0.00031093037,2.5768921114504337,768,1.2085994482040405,-0.1051996269961819,19.644350051879883,0.5323633156966491,0.0,86.66,0.9012177596248394,0.5,,,
76,194,25427968,0.6631837738168408,46905,542,1441,5.546333866666671e-05,0.8870717883110046,-0.0002787007142615039,0.021097183227539062,0.07351552,0.00032580638,2.4434075132012367,772,1.1727612018585205,-0.1063416632823646,19.742082595825195,0.5352284343791774,0.0,88.93,0.8891030748537111,0.5,,,
76,195,25559040,0.6689615605278256,46915,544,1536,5.419630933333337e-05,0.8819180727005005,0.00032120782634592615,0.03227996826171875,0.07286015999999998,0.001056933,2.5023677200078964,776,1.193976640701294,-0.10429619543720037,18.32205581665039,0.5454009185522269,0.0,78.95,0.9038869598765432,0.59,,,
76,196,25690112,0.6566125290023201,46932,547,1536,5.292928000000003e-05,0.8804141283035278,-0.0002111727553710807,0.018171310424804688,0.07220480000000001,0.0003269558,2.5183104053139687,780,1.2821558713912964,-0.1020174075383693,18.428329467773438,0.5419436530547642,0.0,82.68,0.8959137088477367,0.52,,,
76,197,25821184,0.6578947368421053,46945,550,1445,5.1662250666666685e-05,0.8921099901199341,-0.00021397179807536304,0.017345428466796875,0.07154943999999999,0.00027319067,2.5051748864352703,784,1.2002480030059814,-0.1052606669254601,18.21141815185547,0.540632207298874,0.0,89.59,0.9030116621812124,0.51,,,
76,198,25952256,0.6798780487804879,46962,552,1440,5.039522133333334e-05,0.8893229365348816,-0.00018388748503639363,0.022722244262695312,0.07089408,0.00035056984,2.4167839512228966,788,1.1579244136810303,-0.10700690816156566,21.030118942260742,0.5348559670781893,0.0,90.89,0.8933641975308642,0.55,,,
76,199,26083328,0.6750902527075813,46980,555,1464,4.9128192e-05,0.8907570838928223,-0.00014371832003234886,0.0233306884765625,0.07023871999999998,0.0002564799,2.39267011359334,792,1.1158920526504517,-0.10725884407293051,18.358919143676758,0.5503638296132777,0.0,82.09,0.897633744855967,0.61,,,
,,26214400,,,,,4.786116266666671e-05,0.8827386498451233,-0.0002732194179770886,0.012157440185546875,0.06958336000000001,0.00022517904,2.5388348884880543,796,1.3204258680343628,-0.10487329994793981,,,,,,,175.71,0.0,40.905338287353516
76,200,26214400,0.6627358490566038,46898,558,1502,,,,,,,,,,,19.461471557617188,0.5456709432744291,0.0,89.54,0.8973385280531309,0.56,,,
76,201,26345472,0.6638554216867469,46912,561,1477,4.659413333333337e-05,0.8848060965538025,-9.056327235157369e-05,0.022247314453125,0.06892799999999999,0.00047173095,2.5440398827195168,800,1.2435529232025146,-0.10547092347405851,20.459074020385742,0.5492464072905714,0.0,91.94,0.8940461562894423,0.6,,,
76,202,26476544,0.6805054151624549,46915,564,1470,4.5327104000000026e-05,0.8844326138496399,-0.00022724659629602684,0.019189834594726562,0.06827264,0.00023695212,2.49394578486681,804,1.1126641035079956,-0.10262827319093049,19.223970413208008,0.5299823633156967,0.0,87.04,0.8929453262786595,0.59,,,
76,203,26607616,0.652542372881356,46932,566,1550,4.4060074666666684e-05,0.8803738951683044,-0.000217736407648772,0.017477035522460938,0.06761728,0.00018614033,2.5361449606716633,808,1.2402865886688232,-0.0989760443335399,18.497211456298828,0.5422398589065256,0.0,83.8,0.9061887694145758,0.56,,,
76,204,26738688,0.6582582582582582,46955,569,1440,4.279304533333334e-05,0.8840311765670776,-5.3646063861378934e-05,0.02130889892578125,0.06696191999999998,0.00036023185,2.5690226517617702,812,1.226181149482727,-0.09931488113943487,20.249553680419922,0.5449607182940516,0.0,91.46,0.9036865569272976,0.52,,,
76,205,26869760,0.6629930394431555,46971,572,1532,4.1526016e-05,0.8865577578544617,-6.997029595368076e-05,0.0174560546875,0.06630655999999999,0.00014641785,2.505494773387909,816,1.2674258947372437,-0.10351186746265739,20.0304012298584,0.529661696328363,0.0,90.61,0.8951584308416337,0.47,,,
76,206,27000832,0.652355396541443,46991,574,1458,4.0258986666666656e-05,0.8834171891212463,-0.00019046181841986254,0.020753860473632812,0.06565119999999999,0.0003006615,2.5555016584694386,820,1.2027676105499268,-0.10305906645953655,20.679882049560547,0.5379377004525284,0.0,91.13,0.9011244898304798,0.54,,,
76,207,27131904,0.6741379310344827,47003,577,1544,3.899195733333337e-05,0.8859142065048218,-8.889822129276581e-05,0.018642425537109375,0.06499584,0.00024807025,2.480746626853943,824,1.3028794527053833,-0.10186914948280901,18.201818466186523,0.5263157894736842,0.0,79.19,0.8967648563935267,0.52,,,
76,208,27262976,0.6609195402298851,47025,579,1540,3.7724928000000026e-05,0.8770030736923218,-8.072896525845863e-05,0.019517898559570312,0.06434047999999998,0.0002840276,2.6244951002299786,828,1.320410132408142,-0.10100301296915859,19.956260681152344,0.5347736625514403,0.0,84.75,0.9003687670354337,0.55,,,
76,209,27394048,0.68,47036,582,1448,3.645789866666668e-05,0.8835247755050659,-3.337608814035775e-05,0.019605636596679688,0.06368511999999998,0.000192425,2.541295550763607,832,1.253655195236206,-0.10226783505640924,19.222929000854492,0.5428933206710984,0.0,88.08,0.904372143782825,0.62,,,
,,27525120,,,,,3.5190869333333395e-05,0.8866428732872009,-0.0002025113208219409,0.018890380859375,0.06302975999999999,0.0001941332,2.4423069581389427,836,1.212035894393921,-0.10297887388151139,,,,,,,178.55,0.0,41.46250534057617
76,210,27525120,0.6707242848447961,46957,586,1459,,,,,,,,,,,19.456480026245117,0.532934833567745,0.0,84.53,0.8896081368094161,0.51,,,
76,211,27656192,0.6698280972139893,46981,588,1485,3.392384000000005e-05,0.8817078471183777,-0.00017733339518599678,0.010822296142578125,0.062374399999999997,0.00015017031,2.5545499585568905,840,1.2702866792678833,-0.1035867523169145,19.780662536621094,0.5343027591349738,0.0,90.35,0.8974435715176455,0.55,,,
76,212,27787264,0.6839729119638827,46996,591,1581,3.265681066666671e-05,0.8791998624801636,-4.5541291910922155e-05,0.018812179565429688,0.061719039999999975,0.00016697054,2.5440104082226753,844,1.2115635871887207,-0.1025449667358771,17.8024959564209,0.535618682328499,0.0,78.51,0.8994229312593218,0.55,,,
76,213,27918336,0.6587759815242494,47010,593,1520,3.138978133333337e-05,0.8715693950653076,-0.00026172221259912476,0.0119781494140625,0.06106367999999998,0.00016080399,2.6757669895887375,848,1.269004464149475,-0.09922316775191575,19.918821334838867,0.5364797668038409,0.0,92.19,0.9017543859649122,0.53,,,
76,214,28049408,0.6557846506300115,47027,596,1529,3.0122752000000025e-05,0.8802367448806763,1.1444255505921319e-05,0.01833343505859375,0.06040831999999999,0.00016459927,2.6212074980139732,852,1.2337687015533447,-0.09901573765091598,20.474422454833984,0.5323910482921084,0.0,96.59,0.9035276829041816,0.51,,,
76,215,28180480,0.6609491137793024,47042,599,1530,2.8855722666666682e-05,0.8799844980239868,-0.00020010619664390106,0.014589309692382812,0.059752959999999994,0.00013717246,2.6416051611304283,856,1.340786099433899,-0.10069886152632535,18.945096969604492,0.543737094152278,0.0,85.91,0.9062938755749212,0.52,,,
76,216,28311552,0.6699147381242387,47055,601,1423,2.758869333333334e-05,0.8849210739135742,-0.0001096681098715635,0.015943527221679688,0.05909759999999997,0.00015776869,2.525470692664385,860,1.3079358339309692,-0.10393855755683035,19.532087326049805,0.54483546417117,0.0,88.92,0.9006532885661487,0.48,,,
76,217,28442624,0.6686080372743156,47064,604,1511,2.632166400000005e-05,0.893302321434021,-0.0001767322264640825,0.015018463134765625,0.058442240000000006,0.00013144773,2.36421075835824,864,1.1491587162017822,-0.10553545982111245,21.39590072631836,0.5424120265390107,0.0,95.11,0.9010466455866853,0.54,,,
76,218,28573696,0.6711246200607903,47064,607,1457,2.505463466666671e-05,0.8860602974891663,-9.535867138765752e-05,0.017477035522460938,0.057786879999999985,0.00019541381,2.505032829940319,868,1.2615876197814941,-0.10709601582493633,19.399789810180664,0.5415875276986388,0.0,91.22,0.8925747985459722,0.49,,,
76,219,28704768,0.6587817859254879,47062,609,1526,2.3787605333333366e-05,0.8843158483505249,-0.000252059970080154,0.013357162475585938,0.05713151999999999,0.000113715185,2.5427809469401836,872,1.240724802017212,-0.10651797882746905,21.46515464782715,0.5303851114796388,0.0,95.86,0.8877967088976264,0.49,,,
,,28835840,,,,,2.2520576000000024e-05,0.8806590437889099,-0.0002244628367407131,0.013324737548828125,0.05647615999999997,0.00015806487,2.6677555963397026,876,1.3240749835968018,-0.1047417155932635,,,,,,,183.03,0.0,42.07802200317383
76,220,28835840,0.6644776119402985,46954,614,1476,,,,,,,,,,,18.89069175720215,0.5434149542676674,0.0,80.32,0.8969520559403125,0.53,,,
76,221,28966912,0.6676557863501483,46971,616,1463,2.125354666666668e-05,0.8905714154243469,-0.0002604670498840278,0.013124465942382812,0.055820800000000004,0.0001110649,2.4330701678991318,880,1.1820284128189087,-0.10299050319008529,21.289161682128906,0.5401900701660892,0.0,91.85,0.9038758512442724,0.57,,,
76,222,29097984,0.6593731519810763,46986,619,1505,1.998651733333334e-05,0.8819627165794373,-0.00024134278828569222,0.01230621337890625,0.05516543999999998,0.00010232262,2.532256804406643,884,1.3177731037139893,-0.1012949402211234,20.034841537475586,0.5570889360698278,0.0,86.17,0.8983552766498502,0.48,,,
76,223,29229056,0.6666666666666666,46989,622,1516,1.8719487999999996e-05,0.8832929134368896,-0.00022399419140128884,0.0099945068359375,0.05451007999999999,0.000102472135,2.5490316674113274,888,1.2833598852157593,-0.10112342680804431,19.004528045654297,0.5383539094650206,0.0,86.48,0.8993126811948271,0.59,,,
76,224,29360128,0.6693688477127968,46999,624,1523,1.7452458666666708e-05,0.8844148516654968,-0.00019320925821375567,0.00972747802734375,0.053854719999999995,7.765884e-05,2.552288196980953,892,1.3140783309936523,-0.10013351507950574,19.468488693237305,0.5347013680347014,0.0,82.52,0.8998322025242577,0.58,,,
76,225,29491200,0.666860465116279,47002,627,1506,1.6185429333333366e-05,0.8845049738883972,-0.00016901519120438024,0.009519577026367188,0.05319936,7.087531e-05,2.4993336647748947,896,1.2701685428619385,-0.09914053592365235,20.03533172607422,0.5423033756367089,0.0,85.68,0.9029396816028069,0.54,,,
76,226,29622272,0.6740654205607477,47001,630,1496,1.4918400000000023e-05,0.8889672160148621,-0.00012916572813992389,0.010377883911132812,0.05254399999999998,7.86669e-05,2.471175003796816,900,1.2121063470840454,-0.10067862179130316,21.245361328125,0.5424274039297513,0.0,95.65,0.9038505974780485,0.57,,,
76,227,29753344,0.6573751451800233,47012,632,1518,1.3651370666666735e-05,0.8879684805870056,-0.00018573178567748982,0.008302688598632812,0.051888639999999986,7.0584676e-05,2.4425846114754677,904,1.2078547477722168,-0.10110759525559843,19.822891235351562,0.5458792125458792,0.0,88.12,0.9016818751118266,0.5,,,
76,228,29884416,0.6740011580775912,47022,635,1509,1.2384341333333392e-05,0.8880699872970581,-0.00014531088527292013,0.008533477783203125,0.05123327999999999,7.305964e-05,2.479868359863758,908,1.2676194906234741,-0.10015942272730172,20.47041893005371,0.5296383854303476,0.0,90.59,0.9026581253221412,0.57,,,
76,229,30015488,0.6629477392836172,47033,638,1498,1.111731200000005e-05,0.8845460414886475,-0.00017822320660343394,0.00705718994140625,0.05057792,5.489972e-05,2.518494952470064,912,1.2920359373092651,-0.10045273008290678,18.7366886138916,0.5356769198577108,0.0,84.32,0.8979627157197252,0.55,,,
