time/fps,rollout/episodes,time/time_elapsed,time/total_timesteps,time/iterations,train/policy_gradient_loss,train/value_loss,train/learning_rate,train/clip_fraction,train/approx_kl,train/n_updates,train/explained_variance,train/entropy_loss,train/clip_range,train/loss,eval/mean_ep_length,eval/mean_reward,eval/success_rate,rollout/ep_rew_mean,rollout/win_rate_true_start,rollout/fill_mean_true_start,rollout/ep_len_mean,rollout/fill_mean,rollout/success_rate
67356,0,3,262144,1,,,,,,,,,,,,,,,,,,,
42879,0,12,524288,2,-1.5126556718314532e-05,0.03709101246204227,9.882035200000001e-05,0.000244140625,5.351929e-06,4,-0.2793527841567993,-0.0036577250612026546,0.09934464000000001,0.01633717492222786,,,,,,,,,
39052,0,20,786432,3,-7.530177754233591e-06,0.04292794349021278,9.764070400000001e-05,0.00018978118896484375,3.6129823e-06,8,0.030440449714660645,-0.003017430490217521,0.09868928,0.021094342693686485,,,,,,,,,
37281,0,28,1048576,4,-8.298447028209921e-06,0.048875364009290934,9.6461056e-05,0.00018405914306640625,5.1255283e-06,12,0.05327993631362915,-0.002386323218161124,0.09803392000000001,0.025045687332749367,,,,,,,,,
36574,0,35,1310720,5,-7.7278632488742e-06,0.04880151528050192,9.528140800000001e-05,0.00013637542724609375,4.8810266e-06,16,0.16136908531188965,-0.0019607157528298558,0.09737856,0.022093769162893295,,,,,,,,,
35920,0,43,1572864,6,-6.8472381826722994e-06,0.032991404048516415,9.410176e-05,0.00014781951904296875,5.4556344e-06,20,0.3115882873535156,-0.001829891020861396,0.09672320000000001,0.01608366146683693,,,,,,,,,
35452,0,51,1835008,7,-5.237006007519085e-06,0.033958386004087515,9.2922112e-05,0.0001373291015625,4.2728657e-06,24,0.3884392976760864,-0.0018916202743639587,0.09606784,0.017181750386953354,,,,,,,,,
,,,2097152,,-7.348760846070945e-06,0.031125769339269027,9.1742464e-05,0.000164031982421875,5.1751313e-06,28,0.46222376823425293,-0.0018671764173632255,0.09541248000000001,0.015416854061186314,16464.14,248.51919555664062,1.0,,,,,,
14363,0,146,2097152,8,,,,,,,,,,,,,,,,,,,
15329,0,153,2359296,9,-6.016790393914562e-06,0.029278911009896547,9.056281600000001e-05,0.00012111663818359375,1.1913982e-05,32,0.49529576301574707,-0.0018973793585246312,0.09475712,0.015357190743088722,,,,,,,,,
16202,0,161,2621440,10,-6.583190952369478e-06,0.02896266350580845,8.9383168e-05,0.00015735626220703125,3.152069e-06,36,0.510651707649231,-0.0017535336510263733,0.09410176,0.014218159951269627,,,,,,,,,
16988,0,169,2883584,11,-4.51860705652507e-06,0.02881784782221075,8.820352e-05,9.918212890625e-05,3.976088e-06,40,0.5157575011253357,-0.0017143668483186048,0.09344640000000001,0.013633159920573235,,,,,,,,,
17716,0,177,3145728,12,-7.265001386258518e-06,0.029404700588202104,8.702387200000001e-05,0.000148773193359375,4.6910764e-06,44,0.5042999386787415,-0.00144372115846636,0.09279104,0.014372739009559155,,,,,,,,,
18372,0,185,3407872,13,-2.0664269868575502e-06,0.029409448063233867,8.5844224e-05,0.0001583099365234375,3.749119e-06,48,0.5130690932273865,-0.00137842117328546,0.09213568,0.013979492709040642,,,,,,,,,
18972,0,193,3670016,14,-8.105421329673845e-06,0.028239328137715347,8.4664576e-05,0.00011730194091796875,1.7432449e-05,52,0.5228073596954346,-0.0013875191489205463,0.09148032,0.01449292991310358,,,,,,,,,
19538,0,201,3932160,15,-6.513139851449523e-06,0.028385239653289318,8.3484928e-05,0.00010776519775390625,5.7057864e-06,56,0.5230683088302612,-0.0014186279031491722,0.09082496000000001,0.01417599432170391,,,,,,,,,
,,,4194304,,-9.826147106650751e-06,0.027206654427573085,8.230528000000001e-05,0.0001621246337890625,9.3153185e-06,60,0.5308429598808289,-0.0014074241635171347,0.0901696,0.013474550098180771,16513.5,248.46957397460938,1.0,,,,,,
14175,0,295,4194304,16,,,,,,,,,,,,,,,,,,,
14676,0,303,4456448,17,-3.3659562177490443e-06,0.027140827136463486,8.1125632e-05,0.00010013580322265625,1.7201112e-06,64,0.5359224081039429,-0.0012523952218543855,0.08951424000000001,0.013041412457823753,,,,,,,,,
15153,0,311,4718592,18,-2.7922569643124007e-06,0.027894362443475984,7.9945984e-05,7.43865966796875e-05,1.3276723e-06,68,0.5303376317024231,-0.0010105288447448402,0.08885888,0.014047292061150074,,,,,,,,,
15601,0,319,4980736,19,-4.8519523261347786e-06,0.027414121708716266,7.876633600000001e-05,7.915496826171875e-05,3.1851e-06,72,0.5351719856262207,-0.0009120332074417092,0.08820352000000001,0.013407072983682156,,,,,,,,,
16031,0,327,5242880,20,-2.624712578835897e-06,0.02652801167278085,7.7586688e-05,7.2479248046875e-05,4.363458e-06,76,0.5400993824005127,-0.0008712823146197479,0.08754816,0.013606972992420197,,,,,,,,,
16448,0,334,5505024,21,-2.88150658889208e-06,0.02574664018175099,7.640704e-05,6.771087646484375e-05,3.5906137e-06,80,0.5505627393722534,-0.0008922057400013728,0.0868928,0.01279304176568985,,,,,,,,,
16848,0,342,5767168,22,-2.22920380110736e-06,0.025506675214273855,7.522739200000001e-05,8.487701416015625e-05,1.4662758e-06,84,0.5570232272148132,-0.0008797130362836469,0.08623744,0.012720214203000069,,,,,,,,,
17229,0,349,6029312,23,-8.294641702377703e-07,0.02565607742872089,7.4047744e-05,0.00010776519775390625,4.096709e-06,88,0.5617808103561401,-0.000916842112019367,0.08558208,0.01344912126660347,,,,,,,,,
,,,6291456,,-5.400795544119319e-06,0.026666590754757635,7.2868096e-05,0.00010395050048828125,1.9798476e-06,92,0.5543723106384277,-0.0010319673956473707,0.08492672000000001,0.012206624262034893,16508.33,248.4750518798828,1.0,,,,,,
14086,0,446,6291456,24,,,,,,,,,,,,,,,,,,,
14422,0,454,6553600,25,-8.166528459696565e-06,0.025930312476702966,7.168844800000001e-05,0.00010013580322265625,2.1465023e-06,96,0.5686625242233276,-0.0010185829273723357,0.08427136,0.012129625305533409,,,,,,,,,
14749,0,462,6815744,26,-3.949753590859473e-06,0.025961261213524267,7.05088e-05,0.000118255615234375,4.2769825e-06,100,0.5810455679893494,-0.0010917596191575285,0.08361600000000001,0.012645921669900417,,,,,,,,,
15062,0,469,7077888,27,-4.829546242035576e-06,0.023431556866853498,6.932915199999999e-05,0.0001125335693359375,2.333285e-06,104,0.6137031316757202,-0.0010654493644324248,0.08296064,0.011292335577309132,,,,,,,,,
15371,0,477,7340032,28,-4.408026143210009e-06,0.02157453760446515,6.8149504e-05,8.20159912109375e-05,2.2672284e-06,108,0.6392078399658203,-0.0011430447352722695,0.08230528000000001,0.010582120157778263,,,,,,,,,
15669,0,485,7602176,29,-4.151058419665787e-06,0.019900040148058906,6.6969856e-05,6.961822509765625e-05,1.7640715e-06,112,0.6787039041519165,-0.001137795117301721,0.08164992,0.009403570555150509,,,,,,,,,
15958,0,492,7864320,30,-5.0351877689536195e-06,0.019325502449646592,6.5790208e-05,0.00012111663818359375,4.1881603e-06,116,0.7073192000389099,-0.001197194134874735,0.08099456000000001,0.008732208982110023,,,,,,,,,
16241,0,500,8126464,31,-5.737746960221557e-06,0.01668622068973491,6.461056e-05,0.00017833709716796875,3.979122e-06,120,0.7518954277038574,-0.0013482187805493595,0.0803392,0.007118523120880127,,,,,,,,,
,,,8388608,,-1.1375927442713873e-05,0.014880947972415015,6.3430912e-05,0.0001506805419921875,4.154085e-06,124,0.7869980335235596,-0.001455096843528736,0.07968384,0.006811684928834438,16445.55,248.53768920898438,1.0,,,,,,
14174,0,591,8388608,32,,,,,,,,,,,,,,,,,,,
14426,0,599,8650752,33,-8.580162102589384e-06,0.012469549648812972,6.225126400000001e-05,0.00024127960205078125,3.464924e-06,128,0.8371081352233887,-0.0016847347615112085,0.07902848000000001,0.004668565932661295,,,,,,,,,
14679,0,607,8912896,34,-7.403228664770722e-06,0.010484300153621007,6.1071616e-05,0.00019168853759765625,5.936059e-06,132,0.8700770139694214,-0.0017086351790567278,0.07837312,0.0044344146735966206,,,,,,,,,
14921,0,614,9175040,35,-9.648537798057077e-06,0.009371685369842453,5.989196800000001e-05,0.0002002716064453125,6.1370165e-06,136,0.8945728540420532,-0.0017079801873478573,0.07771776000000001,0.0045414213091135025,,,,,,,,,
15156,0,622,9437184,36,-1.0441783160786144e-05,0.008894411941582803,5.871232e-05,0.00022220611572265625,5.949386e-06,140,0.9098898768424988,-0.0018858549537981162,0.0770624,0.004404271021485329,,,,,,,,,
15390,0,630,9699328,37,-1.4843329154246021e-05,0.009102273877942935,5.753267200000001e-05,0.000240325927734375,7.692494e-06,144,0.9167301654815674,-0.002060951005660172,0.07640704000000001,0.0046381959691643715,,,,,,,,,
15615,0,637,9961472,38,-1.8295944300916744e-05,0.00896715421549743,5.6353024e-05,0.00025844573974609375,6.2479257e-06,148,0.925180196762085,-0.0022208857253644965,0.07575168,0.003915451932698488,,,,,,,,,
15838,0,645,10223616,39,-1.3553511507780058e-05,0.009495871687249746,5.5173376000000004e-05,0.000286102294921875,4.977649e-06,152,0.9261571764945984,-0.0023666555443924153,0.07509632000000001,0.00473384466022253,,,,,,,,,
,,,10485760,,-2.024919081122789e-05,0.009869955771137029,5.3993728e-05,0.000362396240234375,1.0772207e-05,156,0.9254376888275146,-0.002445134232402779,0.07444096,0.00504544610157609,16330.77,248.65216064453125,1.0,,,,,,
14212,0,737,10485760,40,,,,,,,,,,,,,,,,,,,
14419,0,745,10747904,41,-1.769620575942099e-05,0.009995132553740405,5.2814080000000005e-05,0.00027751922607421875,5.9449367e-06,160,0.9284464120864868,-0.0025132508908427553,0.0737856,0.004557401407510042,,,,,,,,,
14622,0,752,11010048,42,-9.515802275927854e-06,0.010107646048709285,5.1634432e-05,0.00037288665771484375,1.0267604e-05,164,0.9290810823440552,-0.0025962840154534206,0.07313024000000001,0.0049485317431390285,,,,,,,,,
14816,0,760,11272192,43,-3.181823512932169e-05,0.010603070259094238,5.0454784000000006e-05,0.0003719329833984375,1.0133312e-05,168,0.9270814657211304,-0.00266379237655201,0.07247488,0.004738829098641872,,,,,,,,,
15009,0,768,11534336,44,-1.2905341918667546e-05,0.010698086640331894,4.9275136e-05,0.00037860870361328125,7.3819247e-06,172,0.9290514588356018,-0.0028166073843749473,0.07181952,0.004935380071401596,,,,,,,,,
15199,0,776,11796480,45,-2.5791134248720482e-05,0.010634498394210823,4.8095488e-05,0.00032711029052734375,5.8241385e-06,176,0.9289634823799133,-0.002802545361191733,0.07116416,0.004891294986009598,,,,,,,,,
15382,0,783,12058624,46,-1.612984624443925e-05,0.01049095165944891,4.691584e-05,0.00026226043701171875,5.9077856e-06,180,0.9302524924278259,-0.002877472988984664,0.07050880000000001,0.005143572110682726,,,,,,,,,
15565,0,791,12320768,47,-1.2071020137227606e-05,0.0108552958627115,4.5736192e-05,0.00031566619873046875,5.582302e-06,184,0.9286731481552124,-0.0031366006296593696,0.06985344,0.005147836171090603,,,,,,,,,
,,,12582912,,-2.5435757834202377e-05,0.010940351923636626,4.4556544e-05,0.000335693359375,7.758912e-06,188,0.9276477098464966,-0.003294025957075064,0.06919808000000001,0.005877408664673567,16401.53,248.58168029785156,1.0,,,,,,
14263,0,882,12582912,48,,,,,,,,,,,,,,,,,,,
14432,0,890,12845056,49,-1.7643149476498365e-05,0.01129981429403415,4.3376896000000004e-05,0.0003452301025390625,6.5655495e-06,192,0.9268442392349243,-0.0033200137077074032,0.06854272,0.004993632435798645,,,,,,,,,
14599,0,897,13107200,50,-1.6197698187170317e-05,0.011232578683120664,4.219724800000001e-05,0.000438690185546875,5.8102114e-06,196,0.9271864891052246,-0.003712941972480621,0.06788736000000001,0.005397922825068235,,,,,,,,,
14764,0,905,13369344,51,-2.878263558159233e-05,0.010871062098885886,4.10176e-05,0.00043392181396484375,5.4829725e-06,200,0.929786741733551,-0.0038876510952832177,0.067232,0.0054625519551336765,,,,,,,,,
14927,0,913,13631488,52,-2.4258156827272614e-05,0.010882552553084679,3.9837951999999996e-05,0.00046634674072265625,7.2669877e-06,204,0.9281724691390991,-0.004043739145345171,0.06657663999999999,0.005343930330127478,,,,,,,,,
15081,0,921,13893632,53,-1.8060865841107443e-05,0.011806288013758603,3.8658304e-05,0.00048351287841796875,9.177134e-06,208,0.9250664710998535,-0.0037231673177302582,0.06592128,0.006443532183766365,,,,,,,,,
15237,0,929,14155776,54,-1.6305671579175396e-05,0.011194672079000156,3.7478656000000004e-05,0.000377655029296875,4.7863014e-06,212,0.9283590316772461,-0.0035661344500113046,0.06526592,0.005804333370178938,,,,,,,,,
15391,0,936,14417920,55,-2.2866549443278927e-05,0.010912815683695953,3.629900800000001e-05,0.00041294097900390625,4.757674e-06,216,0.930027186870575,-0.003301880176877603,0.06461056000000001,0.005159013904631138,,,,,,,,,
,,,14680064,,-1.9124419850413688e-05,0.011021987993444782,3.511936e-05,0.00030994415283203125,2.5422949e-06,220,0.931154191493988,-0.0030357964078575606,0.0639552,0.005649694241583347,16335.28,248.64776611328125,1.0,,,,,,
14304,0,1026,14680064,56,,,,,,,,,,,,,,,,,,,
14449,0,1034,14942208,57,-1.505676800661604e-05,0.011517908184032422,3.3939712e-05,0.0002536773681640625,2.7136707e-06,224,0.9281762838363647,-0.003089659170655068,0.06329984,0.005647500976920128,,,,,,,,,
14591,0,1042,15204352,58,-2.351768853259273e-05,0.010583626361039933,3.2760064000000007e-05,0.00029087066650390625,3.0379074e-06,228,0.9318569302558899,-0.0029535863577621058,0.06264448,0.0052841585129499435,,,,,,,,,
14733,0,1049,15466496,59,-1.6269746993202716e-05,0.01131119505589595,3.1580416e-05,0.00023174285888671875,1.4889604e-06,232,0.9289193153381348,-0.002779093621938955,0.06198912,0.005798615049570799,,,,,,,,,
14873,0,1057,15728640,60,-1.212094139191322e-05,0.011307863154797815,3.0400768e-05,0.000240325927734375,2.130114e-06,236,0.9303765296936035,-0.002844394226485747,0.06133376,0.005305176135152578,,,,,,,,,
15010,0,1065,15990784,61,-1.847309249569662e-05,0.010621133602398913,2.9221120000000005e-05,0.000217437744140625,1.973508e-06,240,0.9328194856643677,-0.0027048758820455987,0.0606784,0.005324428901076317,,,,,,,,,
15146,0,1073,16252928,62,-2.8245381599845132e-05,0.011704918186296709,2.8041471999999996e-05,0.00036334991455078125,3.980517e-06,244,0.9288222193717957,-0.002905301946157124,0.06002304,0.0065289949998259544,,,,,,,,,
15280,0,1080,16515072,63,-1.742308404573123e-05,0.011220438820600975,2.6861824e-05,0.00027179718017578125,2.0205484e-06,248,0.930795431137085,-0.002908377509811544,0.059367680000000006,0.006303552072495222,,,,,,,,,
,,,16777216,,-2.4286201096401783e-05,0.012290309190575499,2.5682176000000004e-05,0.000270843505859375,2.8689888e-06,252,0.9249931573867798,-0.0027785709244199097,0.058712320000000005,0.006166435778141022,16389.52,248.59361267089844,1.0,,,,,,
14333,0,1170,16777216,64,,,,,,,,,,,,,,,,,,,
14463,0,1178,17039360,65,-1.3285169643495465e-05,0.01161870414216537,2.4502528000000008e-05,0.00025463104248046875,2.0527787e-06,256,0.9288082122802734,-0.0029819574247085257,0.058056960000000005,0.005427843891084194,,,,,,,,,
14589,0,1185,17301504,66,-1.6724563920433866e-05,0.012531719250546303,2.332288e-05,0.00019931793212890625,1.5027574e-06,260,0.9246577620506287,-0.002777191013592528,0.057401600000000004,0.006302284076809883,,,,,,,,,
14715,0,1193,17563648,67,-1.0121829745912692e-05,0.011662565491860732,2.2143232000000003e-05,0.0001697540283203125,1.301612e-06,264,0.9290767908096313,-0.002712413041081163,0.05674624,0.0061151692643761635,,,,,,,,,
14837,0,1201,17825792,68,-1.358011604679632e-05,0.011763287628127728,2.0963583999999993e-05,0.00014400482177734375,9.473841e-07,268,0.9296771883964539,-0.0025436962241656147,0.05609088,0.005773685872554779,,,,,,,,,
14960,0,1209,18087936,69,-1.3673514331458136e-05,0.011983315991528798,1.9783935999999997e-05,0.0001735687255859375,1.2805283e-06,272,0.927655041217804,-0.0025775741414690856,0.05543552,0.006248650141060352,,,,,,,,,
15079,0,1216,18350080,70,-1.26749350783939e-05,0.012371343516861089,1.8604288e-05,0.000186920166015625,1.8924176e-06,276,0.9266937375068665,-0.002661272459590691,0.05478016,0.005945434793829918,,,,,,,,,
15198,0,1224,18612224,71,-1.605792226655467e-05,0.0124492347240448,1.7424640000000005e-05,0.0001964569091796875,1.4406868e-06,280,0.9265941977500916,-0.0026407283348817145,0.0541248,0.005408525466918945,,,,,,,,,
,,,18874368,,-1.7391752408002503e-05,0.012026078773487825,1.6244991999999996e-05,0.0002117156982421875,1.5376913e-06,284,0.9279016256332397,-0.0026769301148306113,0.05346944000000001,0.006038484163582325,16218.35,248.76463317871094,1.0,,,,,,
14370,0,1313,18874368,72,,,,,,,,,,,,,,,,,,,
14486,0,1321,19136512,73,-2.1553221358772134e-05,0.012088965908333194,1.5065344e-05,0.00024700164794921875,1.9045729e-06,288,0.9266407489776611,-0.0028561630788317416,0.052814080000000006,0.006388835608959198,,,,,,,,,
14599,1,1328,19398656,74,-1.9330911527504213e-05,0.012274932247237302,1.388569599999999e-05,0.00022220611572265625,1.4968747e-06,292,0.9261977672576904,-0.0029191638041083934,0.05215872,0.006146571598947048,,,,42.284236907958984,0.0,0.19140625,4718.0,0.19140625,0.0
14709,0,1336,19660800,75,-2.015885502260062e-05,0.011969052095082588,1.2706047999999995e-05,0.00020885467529296875,1.3793917e-06,296,0.9272552728652954,-0.002772843874481623,0.05150336,0.005813875235617161,,,,42.284236907958984,,,4718.0,,0.0
14819,0,1344,19922944,76,-1.664135879764217e-05,0.012042423579259776,1.1526399999999999e-05,0.00013828277587890625,7.9279556e-07,300,0.9271762371063232,-0.0027195549573661992,0.050848000000000004,0.0059564486145973206,,,,42.284236907958984,,,4718.0,,0.0
14930,0,1351,20185088,77,-1.4949018350307597e-05,0.01222713316383306,1.0346752000000003e-05,0.000217437744140625,9.781488e-07,304,0.9267762899398804,-0.0026523715132498182,0.050192640000000004,0.006260821595788002,,,,42.284236907958984,,,4718.0,,0.0
